--
-- PostgreSQL database dump
--

-- Dumped from database version 9.6.17
-- Dumped by pg_dump version 9.6.17

SET statement_timeout = 0;
SET lock_timeout = 0;
SET idle_in_transaction_session_timeout = 0;
SET client_encoding = 'UTF8';
SET standard_conforming_strings = on;
SELECT pg_catalog.set_config('search_path', '', false);
SET check_function_bodies = false;
SET xmloption = content;
SET client_min_messages = warning;
SET row_security = off;

--
-- Name: plpgsql; Type: EXTENSION; Schema: -; Owner: 
--

CREATE EXTENSION IF NOT EXISTS plpgsql WITH SCHEMA pg_catalog;


--
-- Name: EXTENSION plpgsql; Type: COMMENT; Schema: -; Owner: 
--

COMMENT ON EXTENSION plpgsql IS 'PL/pgSQL procedural language';


--
-- Name: adminpack; Type: EXTENSION; Schema: -; Owner: 
--

CREATE EXTENSION IF NOT EXISTS adminpack WITH SCHEMA pg_catalog;


--
-- Name: EXTENSION adminpack; Type: COMMENT; Schema: -; Owner: 
--

COMMENT ON EXTENSION adminpack IS 'administrative functions for PostgreSQL';


SET default_tablespace = '';

SET default_with_oids = false;

--
-- Name: belongsto; Type: TABLE; Schema: public; Owner: postgres
--

CREATE TABLE public.belongsto (
    name character varying(50),
    geoid character varying(10) NOT NULL
);


ALTER TABLE public.belongsto OWNER TO postgres;

--
-- Name: continent; Type: TABLE; Schema: public; Owner: postgres
--

CREATE TABLE public.continent (
    name character varying(50) NOT NULL
);


ALTER TABLE public.continent OWNER TO postgres;

--
-- Name: corona; Type: TABLE; Schema: public; Owner: postgres
--

CREATE TABLE public.corona (
    geoid character varying(10) NOT NULL,
    day date NOT NULL,
    cases integer,
    deaths integer
);


ALTER TABLE public.corona OWNER TO postgres;

--
-- Name: country; Type: TABLE; Schema: public; Owner: postgres
--

CREATE TABLE public.country (
    geoid character varying(10) NOT NULL,
    popdata2018 integer,
    name character varying(50)
);


ALTER TABLE public.country OWNER TO postgres;

--
-- Name: date; Type: TABLE; Schema: public; Owner: postgres
--

CREATE TABLE public.date (
    date date NOT NULL
);


ALTER TABLE public.date OWNER TO postgres;

--
-- Data for Name: belongsto; Type: TABLE DATA; Schema: public; Owner: postgres
--

COPY public.belongsto (name, geoid) FROM stdin;
Asia	AF
Europe	AL
Africa	DZ
Europe	AD
Africa	AO
America	AI
America	AG
America	AR
Europe	AM
America	AW
Oceania	AU
Europe	AT
Europe	AZ
America	BS
Asia	BH
Asia	BD
America	BB
Europe	BY
Europe	BE
America	BZ
Africa	BJ
America	BM
Asia	BT
America	BO
Europe	BA
Africa	BW
America	BR
America	VG
Asia	BN
Europe	BG
Africa	BF
Africa	BI
Asia	KH
Africa	CM
America	CA
Africa	CV
America	KY
Africa	CF
Africa	TD
America	CL
Asia	CN
America	CO
Africa	KM
Africa	CG
America	CR
Africa	CI
Europe	HR
America	CU
America	CW
Europe	CY
Europe	CZ
Africa	CD
Europe	DK
Africa	DJ
America	DM
America	DO
America	EC
Africa	EG
America	SV
Africa	GQ
Africa	ER
Europe	EE
Africa	SZ
Africa	ET
America	FK
Europe	FO
Oceania	FJ
Europe	FI
Europe	FR
Oceania	PF
Africa	GA
Africa	GM
Europe	GE
Europe	DE
Africa	GH
Europe	GI
Europe	EL
America	GL
America	GD
Oceania	GU
America	GT
Europe	GG
Africa	GN
Africa	GW
America	GY
America	HT
Europe	VA
America	HN
Europe	HU
Europe	IS
Asia	IN
Asia	ID
Asia	IR
Asia	IQ
Europe	IE
Europe	IM
Asia	IL
Europe	IT
\.


--
-- Data for Name: continent; Type: TABLE DATA; Schema: public; Owner: postgres
--

COPY public.continent (name) FROM stdin;
Asia
Europe
Africa
America
Oceania
\.


--
-- Data for Name: corona; Type: TABLE DATA; Schema: public; Owner: postgres
--

COPY public.corona (geoid, day, cases, deaths) FROM stdin;
AF	2020-06-14	556	5
AF	2020-06-13	656	20
AF	2020-06-12	747	21
AF	2020-06-11	684	21
AF	2020-06-10	542	15
AF	2020-06-09	575	12
AF	2020-06-08	791	30
AF	2020-06-07	582	18
AF	2020-06-06	915	9
AF	2020-06-05	787	6
AF	2020-06-04	758	24
AF	2020-06-03	759	5
AF	2020-06-02	545	8
AF	2020-06-01	680	8
AF	2020-05-31	866	3
AF	2020-05-30	623	11
AF	2020-05-29	580	8
AF	2020-05-28	625	7
AF	2020-05-27	658	1
AF	2020-05-26	591	1
AF	2020-05-25	584	2
AF	2020-05-24	782	11
AF	2020-05-23	540	12
AF	2020-05-22	531	6
AF	2020-05-21	492	9
AF	2020-05-20	581	5
AF	2020-05-19	408	4
AF	2020-05-18	262	1
AF	2020-05-17	0	0
AF	2020-05-16	1063	32
AF	2020-05-15	113	6
AF	2020-05-14	259	3
AF	2020-05-13	280	5
AF	2020-05-12	285	2
AF	2020-05-11	369	5
AF	2020-05-10	255	6
AF	2020-05-09	215	3
AF	2020-05-08	171	2
AF	2020-05-07	168	9
AF	2020-05-06	330	5
AF	2020-05-05	190	5
AF	2020-05-04	235	13
AF	2020-05-03	134	4
AF	2020-05-02	164	4
AF	2020-05-01	222	4
AF	2020-04-30	122	0
AF	2020-04-29	124	3
AF	2020-04-28	172	0
AF	2020-04-27	68	10
AF	2020-04-26	112	4
AF	2020-04-25	70	1
AF	2020-04-24	105	2
AF	2020-04-23	84	4
AF	2020-04-22	61	1
AF	2020-04-21	35	2
AF	2020-04-20	88	3
AF	2020-04-19	63	0
AF	2020-04-18	51	1
AF	2020-04-17	10	4
AF	2020-04-16	70	2
AF	2020-04-15	49	2
AF	2020-04-14	58	3
AF	2020-04-13	52	0
AF	2020-04-12	34	3
AF	2020-04-11	37	0
AF	2020-04-10	61	1
AF	2020-04-09	56	3
AF	2020-04-08	30	4
AF	2020-04-07	38	0
AF	2020-04-06	29	2
AF	2020-04-05	35	1
AF	2020-04-04	0	0
AF	2020-04-03	43	0
AF	2020-04-02	26	0
AF	2020-04-01	25	0
AF	2020-03-31	27	0
AF	2020-03-30	8	1
AF	2020-03-29	15	1
AF	2020-03-28	16	1
AF	2020-03-27	0	0
AF	2020-03-26	33	0
AF	2020-03-25	2	0
AF	2020-03-24	6	1
AF	2020-03-23	10	0
AF	2020-03-22	0	0
AF	2020-03-21	2	0
AF	2020-03-20	0	0
AF	2020-03-19	0	0
AF	2020-03-18	1	0
AF	2020-03-17	5	0
AF	2020-03-16	6	0
AF	2020-03-15	3	0
AF	2020-03-11	3	0
AF	2020-03-08	3	0
AF	2020-03-02	0	0
AF	2020-03-01	0	0
AF	2020-02-29	0	0
AF	2020-02-28	0	0
AF	2020-02-27	0	0
AF	2020-02-26	0	0
AF	2020-02-25	1	0
AF	2020-02-24	0	0
AF	2020-02-23	0	0
AF	2020-02-22	0	0
AF	2020-02-21	0	0
AF	2020-02-20	0	0
AF	2020-02-19	0	0
AF	2020-02-18	0	0
AF	2020-02-17	0	0
AF	2020-02-16	0	0
AF	2020-02-15	0	0
AF	2020-02-14	0	0
AF	2020-02-13	0	0
AF	2020-02-12	0	0
AF	2020-02-11	0	0
AF	2020-02-10	0	0
AF	2020-02-09	0	0
AF	2020-02-08	0	0
AF	2020-02-07	0	0
AF	2020-02-06	0	0
AF	2020-02-05	0	0
AF	2020-02-04	0	0
AF	2020-02-03	0	0
AF	2020-02-02	0	0
AF	2020-02-01	0	0
AF	2020-01-31	0	0
AF	2020-01-30	0	0
AF	2020-01-29	0	0
AF	2020-01-28	0	0
AF	2020-01-27	0	0
AF	2020-01-26	0	0
AF	2020-01-25	0	0
AF	2020-01-24	0	0
AF	2020-01-23	0	0
AF	2020-01-22	0	0
AF	2020-01-21	0	0
AF	2020-01-20	0	0
AF	2020-01-19	0	0
AF	2020-01-18	0	0
AF	2020-01-17	0	0
AF	2020-01-16	0	0
AF	2020-01-15	0	0
AF	2020-01-14	0	0
AF	2020-01-13	0	0
AF	2020-01-12	0	0
AF	2020-01-11	0	0
AF	2020-01-10	0	0
AF	2020-01-09	0	0
AF	2020-01-08	0	0
AF	2020-01-07	0	0
AF	2020-01-06	0	0
AF	2020-01-05	0	0
AF	2020-01-04	0	0
AF	2020-01-03	0	0
AF	2020-01-02	0	0
AF	2020-01-01	0	0
AF	2019-12-31	0	0
AL	2020-06-14	48	0
AL	2020-06-13	31	1
AL	2020-06-12	44	1
AL	2020-06-11	42	0
AL	2020-06-10	36	0
AL	2020-06-09	17	0
AL	2020-06-08	14	0
AL	2020-06-07	20	1
AL	2020-06-06	15	0
AL	2020-06-05	13	0
AL	2020-06-04	20	0
AL	2020-06-03	21	0
AL	2020-06-02	6	0
AL	2020-06-01	15	0
AL	2020-05-31	23	0
AL	2020-05-30	23	0
AL	2020-05-29	26	0
AL	2020-05-28	21	0
AL	2020-05-27	25	1
AL	2020-05-26	6	0
AL	2020-05-25	9	1
AL	2020-05-24	8	0
AL	2020-05-23	12	0
AL	2020-05-22	5	0
AL	2020-05-21	15	0
AL	2020-05-20	1	0
AL	2020-05-19	2	0
AL	2020-05-18	13	0
AL	2020-05-17	17	0
AL	2020-05-16	18	0
AL	2020-05-15	18	0
AL	2020-05-14	4	0
AL	2020-05-13	4	0
AL	2020-05-12	4	0
AL	2020-05-11	12	0
AL	2020-05-10	6	0
AL	2020-05-09	8	0
AL	2020-05-08	10	0
AL	2020-05-07	12	0
AL	2020-05-06	17	0
AL	2020-05-05	8	0
AL	2020-05-04	6	0
AL	2020-05-03	7	0
AL	2020-05-02	9	0
AL	2020-05-01	7	0
AL	2020-04-30	16	1
AL	2020-04-29	14	2
AL	2020-04-28	10	0
AL	2020-04-27	14	1
AL	2020-04-26	34	0
AL	2020-04-25	15	0
AL	2020-04-24	29	0
AL	2020-04-23	25	1
AL	2020-04-22	25	0
AL	2020-04-21	22	0
AL	2020-04-20	14	0
AL	2020-04-19	9	0
AL	2020-04-18	21	0
AL	2020-04-17	24	1
AL	2020-04-16	19	1
AL	2020-04-15	8	1
AL	2020-04-14	21	0
AL	2020-04-13	13	0
AL	2020-04-12	17	0
AL	2020-04-11	7	0
AL	2020-04-10	9	1
AL	2020-04-09	17	0
AL	2020-04-08	6	0
AL	2020-04-07	16	1
AL	2020-04-06	28	2
AL	2020-04-05	29	2
AL	2020-04-04	27	1
AL	2020-04-03	18	1
AL	2020-04-02	16	0
AL	2020-04-01	20	3
AL	2020-03-31	11	2
AL	2020-03-30	15	0
AL	2020-03-29	11	1
AL	2020-03-28	12	3
AL	2020-03-27	28	1
AL	2020-03-26	23	0
AL	2020-03-25	23	1
AL	2020-03-24	11	2
AL	2020-03-23	13	0
AL	2020-03-22	6	0
AL	2020-03-21	0	0
AL	2020-03-20	11	0
AL	2020-03-19	4	1
AL	2020-03-18	4	0
AL	2020-03-17	9	0
AL	2020-03-16	4	0
AL	2020-03-15	5	0
AL	2020-03-14	10	0
AL	2020-03-13	12	0
AL	2020-03-12	1	1
AL	2020-03-11	4	0
AL	2020-03-10	4	0
AL	2020-03-09	2	0
DZ	2020-06-14	112	9
DZ	2020-06-13	109	10
DZ	2020-06-12	105	9
DZ	2020-06-11	102	8
DZ	2020-06-10	117	9
DZ	2020-06-09	111	8
DZ	2020-06-08	104	9
DZ	2020-06-07	115	8
DZ	2020-06-06	104	9
DZ	2020-06-05	205	14
DZ	2020-06-04	0	0
DZ	2020-06-03	113	6
DZ	2020-06-02	119	8
DZ	2020-06-01	127	7
DZ	2020-05-31	133	8
DZ	2020-05-30	137	8
DZ	2020-05-29	140	7
DZ	2020-05-28	160	6
DZ	2020-05-27	194	8
DZ	2020-05-26	197	9
DZ	2020-05-25	193	8
DZ	2020-05-24	195	10
DZ	2020-05-23	190	7
DZ	2020-05-22	186	7
DZ	2020-05-21	165	7
DZ	2020-05-20	176	6
DZ	2020-05-19	182	7
DZ	2020-05-18	198	6
DZ	2020-05-17	192	6
DZ	2020-05-16	187	7
DZ	2020-05-15	189	7
DZ	2020-05-14	186	7
DZ	2020-05-13	176	8
DZ	2020-05-12	168	5
DZ	2020-05-11	165	8
DZ	2020-05-10	189	6
DZ	2020-05-09	187	5
DZ	2020-05-08	185	7
DZ	2020-05-07	159	6
DZ	2020-05-06	190	5
DZ	2020-05-05	174	2
DZ	2020-05-04	179	4
DZ	2020-05-03	141	6
DZ	2020-05-02	148	3
DZ	2020-05-01	158	6
DZ	2020-04-30	199	7
DZ	2020-04-29	132	5
DZ	2020-04-28	135	7
DZ	2020-04-27	126	6
DZ	2020-04-26	129	4
DZ	2020-04-25	120	8
DZ	2020-04-24	97	5
DZ	2020-04-23	99	10
DZ	2020-04-22	93	8
DZ	2020-04-21	89	9
DZ	2020-04-20	94	8
DZ	2020-04-19	117	3
DZ	2020-04-18	150	16
DZ	2020-04-17	108	12
DZ	2020-04-16	90	11
DZ	2020-04-15	87	12
DZ	2020-04-14	69	20
DZ	2020-04-13	89	18
DZ	2020-04-12	64	19
DZ	2020-04-11	95	21
DZ	2020-04-10	94	30
DZ	2020-04-09	104	12
DZ	2020-04-08	45	20
DZ	2020-04-07	103	21
DZ	2020-04-06	69	22
DZ	2020-04-05	80	25
DZ	2020-04-04	185	42
DZ	2020-04-03	139	5
DZ	2020-04-02	131	14
DZ	2020-04-01	132	9
DZ	2020-03-31	73	4
DZ	2020-03-30	57	2
DZ	2020-03-29	45	3
DZ	2020-03-28	42	1
DZ	2020-03-27	65	4
DZ	2020-03-26	38	2
DZ	2020-03-25	34	2
DZ	2020-03-24	29	0
DZ	2020-03-23	62	2
DZ	2020-03-22	37	5
DZ	2020-03-21	12	3
DZ	2020-03-20	18	1
DZ	2020-03-19	12	1
DZ	2020-03-18	2	1
DZ	2020-03-17	10	0
DZ	2020-03-16	11	2
DZ	2020-03-15	11	0
DZ	2020-03-14	1	1
DZ	2020-03-13	5	1
DZ	2020-03-12	0	0
DZ	2020-03-09	3	0
DZ	2020-03-06	5	0
DZ	2020-03-05	7	0
DZ	2020-03-04	2	0
DZ	2020-03-02	0	0
DZ	2020-03-01	2	0
DZ	2020-02-29	0	0
DZ	2020-02-28	0	0
DZ	2020-02-27	0	0
DZ	2020-02-26	1	0
DZ	2020-02-25	0	0
DZ	2020-02-24	0	0
DZ	2020-02-23	0	0
DZ	2020-02-22	0	0
DZ	2020-02-21	0	0
DZ	2020-02-20	0	0
DZ	2020-02-19	0	0
DZ	2020-02-18	0	0
DZ	2020-02-17	0	0
DZ	2020-02-16	0	0
DZ	2020-02-15	0	0
DZ	2020-02-14	0	0
DZ	2020-02-13	0	0
DZ	2020-02-12	0	0
DZ	2020-02-11	0	0
DZ	2020-02-10	0	0
DZ	2020-02-09	0	0
DZ	2020-02-08	0	0
DZ	2020-02-07	0	0
DZ	2020-02-06	0	0
DZ	2020-02-05	0	0
DZ	2020-02-04	0	0
DZ	2020-02-03	0	0
DZ	2020-02-02	0	0
DZ	2020-02-01	0	0
DZ	2020-01-31	0	0
DZ	2020-01-30	0	0
DZ	2020-01-29	0	0
DZ	2020-01-28	0	0
DZ	2020-01-27	0	0
DZ	2020-01-26	0	0
DZ	2020-01-25	0	0
DZ	2020-01-24	0	0
DZ	2020-01-23	0	0
DZ	2020-01-22	0	0
DZ	2020-01-21	0	0
DZ	2020-01-20	0	0
DZ	2020-01-19	0	0
DZ	2020-01-18	0	0
DZ	2020-01-17	0	0
DZ	2020-01-16	0	0
DZ	2020-01-15	0	0
DZ	2020-01-14	0	0
DZ	2020-01-13	0	0
DZ	2020-01-12	0	0
DZ	2020-01-11	0	0
DZ	2020-01-10	0	0
DZ	2020-01-09	0	0
DZ	2020-01-08	0	0
DZ	2020-01-07	0	0
DZ	2020-01-06	0	0
DZ	2020-01-05	0	0
DZ	2020-01-04	0	0
DZ	2020-01-03	0	0
DZ	2020-01-02	0	0
DZ	2020-01-01	0	0
DZ	2019-12-31	0	0
AD	2020-06-14	0	0
AD	2020-06-13	1	0
AD	2020-06-12	0	0
AD	2020-06-11	0	0
AD	2020-06-10	0	0
AD	2020-06-09	0	0
AD	2020-06-08	0	0
AD	2020-06-07	0	0
AD	2020-06-06	0	0
AD	2020-06-05	1	0
AD	2020-06-04	7	0
AD	2020-06-03	79	0
AD	2020-06-02	1	0
AD	2020-06-01	0	0
AD	2020-05-31	0	0
AD	2020-05-30	1	0
AD	2020-05-29	0	0
AD	2020-05-28	0	0
AD	2020-05-27	0	0
AD	2020-05-26	0	0
AD	2020-05-25	1	0
AD	2020-05-24	0	0
AD	2020-05-23	0	0
AD	2020-05-22	0	0
AD	2020-05-21	1	0
AD	2020-05-20	0	0
AD	2020-05-19	0	0
AD	2020-05-18	0	0
AD	2020-05-17	0	2
AD	2020-05-16	0	0
AD	2020-05-15	1	0
AD	2020-05-14	2	1
AD	2020-05-13	2	0
AD	2020-05-12	1	0
AD	2020-05-11	1	0
AD	2020-05-10	2	1
AD	2020-05-09	0	0
AD	2020-05-08	1	1
AD	2020-05-07	0	0
AD	2020-05-06	1	1
AD	2020-05-05	2	0
AD	2020-05-04	1	1
AD	2020-05-03	1	1
AD	2020-05-02	1	1
AD	2020-05-01	2	0
AD	2020-04-30	0	1
AD	2020-04-29	0	1
AD	2020-04-28	3	0
AD	2020-04-27	7	0
AD	2020-04-26	2	0
AD	2020-04-25	7	3
AD	2020-04-24	1	0
AD	2020-04-23	6	0
AD	2020-04-22	0	1
AD	2020-04-21	4	0
AD	2020-04-20	9	1
AD	2020-04-19	8	0
AD	2020-04-18	14	2
AD	2020-04-17	9	0
AD	2020-04-16	14	2
AD	2020-04-15	13	2
AD	2020-04-14	8	0
AD	2020-04-13	16	1
AD	2020-04-12	21	2
AD	2020-04-11	18	1
AD	2020-04-10	19	2
AD	2020-04-09	19	1
AD	2020-04-08	19	1
AD	2020-04-07	25	3
AD	2020-04-06	35	1
AD	2020-04-05	27	1
AD	2020-04-04	11	1
AD	2020-04-03	38	1
AD	2020-04-02	14	2
AD	2020-04-01	6	4
AD	2020-03-31	36	2
AD	2020-03-30	26	2
AD	2020-03-29	41	1
AD	2020-03-28	43	0
AD	2020-03-27	36	3
AD	2020-03-26	24	0
AD	2020-03-25	31	0
AD	2020-03-24	20	0
AD	2020-03-23	25	0
AD	2020-03-22	13	0
AD	2020-03-21	0	0
AD	2020-03-20	22	0
AD	2020-03-19	39	0
AD	2020-03-18	0	0
AD	2020-03-17	9	0
AD	2020-03-16	3	0
AD	2020-03-14	1	0
AD	2020-03-03	1	0
AO	2020-06-14	8	1
AO	2020-06-13	12	0
AO	2020-06-12	5	1
AO	2020-06-11	17	0
AO	2020-06-10	4	0
AO	2020-06-09	1	0
AO	2020-06-08	5	0
AO	2020-06-07	0	0
AO	2020-06-06	0	0
AO	2020-06-05	0	0
AO	2020-06-04	0	0
AO	2020-06-03	0	0
AO	2020-06-02	0	0
AO	2020-06-01	2	0
AO	2020-05-31	7	0
AO	2020-05-30	4	0
AO	2020-05-29	2	0
AO	2020-05-28	0	0
AO	2020-05-27	2	0
AO	2020-05-26	0	0
AO	2020-05-25	9	1
AO	2020-05-24	0	0
AO	2020-05-23	2	0
AO	2020-05-22	6	0
AO	2020-05-21	2	1
AO	2020-05-20	2	0
AO	2020-05-19	0	0
AO	2020-05-18	0	0
AO	2020-05-17	0	0
AO	2020-05-16	0	0
AO	2020-05-15	3	0
AO	2020-05-14	0	0
AO	2020-05-13	0	0
AO	2020-05-12	0	0
AO	2020-05-11	2	0
AO	2020-05-10	0	0
AO	2020-05-09	7	0
AO	2020-05-08	0	0
AO	2020-05-07	0	0
AO	2020-05-06	1	0
AO	2020-05-05	0	0
AO	2020-05-04	0	0
AO	2020-05-03	6	0
AO	2020-05-02	2	0
AO	2020-05-01	0	0
AO	2020-04-30	0	0
AO	2020-04-29	0	0
AO	2020-04-28	1	0
AO	2020-04-27	1	0
AO	2020-04-26	0	0
AO	2020-04-25	0	0
AO	2020-04-24	1	0
AO	2020-04-23	0	0
AO	2020-04-22	0	0
AO	2020-04-21	0	0
AO	2020-04-20	0	0
AO	2020-04-19	5	0
AO	2020-04-18	0	0
AO	2020-04-17	0	0
AO	2020-04-16	0	0
AO	2020-04-15	0	0
AO	2020-04-14	0	0
AO	2020-04-13	0	0
AO	2020-04-12	0	0
AO	2020-04-11	0	0
AO	2020-04-10	0	0
AO	2020-04-09	2	0
AO	2020-04-08	1	0
AO	2020-04-07	2	0
AO	2020-04-06	4	0
AO	2020-04-05	2	0
AO	2020-04-04	0	0
AO	2020-04-03	0	0
AO	2020-04-02	1	0
AO	2020-04-01	0	0
AO	2020-03-31	0	0
AO	2020-03-30	3	2
AO	2020-03-29	0	0
AO	2020-03-28	1	0
AO	2020-03-27	1	0
AO	2020-03-26	0	0
AO	2020-03-25	0	0
AO	2020-03-24	0	0
AO	2020-03-23	0	0
AO	2020-03-22	2	0
AI	2020-06-14	0	0
AI	2020-06-13	0	0
AI	2020-06-12	0	0
AI	2020-06-11	0	0
AI	2020-06-10	0	0
AI	2020-06-09	0	0
AI	2020-06-08	0	0
AI	2020-06-07	0	0
AI	2020-06-06	0	0
AI	2020-06-05	0	0
AI	2020-06-04	0	0
AI	2020-06-03	0	0
AI	2020-06-02	0	0
AI	2020-06-01	0	0
AI	2020-05-31	0	0
AI	2020-05-30	0	0
AI	2020-05-29	0	0
AI	2020-05-28	0	0
AI	2020-05-27	0	0
AI	2020-05-26	0	0
AI	2020-05-25	0	0
AI	2020-05-24	0	0
AI	2020-05-23	0	0
AI	2020-05-22	0	0
AI	2020-05-21	0	0
AI	2020-05-20	0	0
AI	2020-05-19	0	0
AI	2020-05-18	0	0
AI	2020-05-17	0	0
AI	2020-05-16	0	0
AI	2020-05-15	0	0
AI	2020-05-14	0	0
AI	2020-05-13	0	0
AI	2020-05-12	0	0
AI	2020-05-11	0	0
AI	2020-05-10	0	0
AI	2020-05-09	0	0
AI	2020-05-08	0	0
AI	2020-05-07	0	0
AI	2020-05-06	0	0
AI	2020-05-05	0	0
AI	2020-05-04	0	0
AI	2020-05-03	0	0
AI	2020-05-02	0	0
AI	2020-05-01	0	0
AI	2020-04-30	0	0
AI	2020-04-29	0	0
AI	2020-04-28	0	0
AI	2020-04-27	0	0
AI	2020-04-26	0	0
AI	2020-04-25	0	0
AI	2020-04-24	0	0
AI	2020-04-23	0	0
AI	2020-04-22	0	0
AI	2020-04-21	0	0
AI	2020-04-20	0	0
AI	2020-04-19	0	0
AI	2020-04-18	0	0
AI	2020-04-17	0	0
AI	2020-04-16	0	0
AI	2020-04-15	0	0
AI	2020-04-14	0	0
AI	2020-04-13	0	0
AI	2020-04-12	0	0
AI	2020-04-11	0	0
AI	2020-04-10	0	0
AI	2020-04-09	0	0
AI	2020-04-08	0	0
AI	2020-04-07	0	0
AI	2020-04-06	0	0
AI	2020-04-05	0	0
AI	2020-04-04	0	0
AI	2020-04-03	1	0
AI	2020-04-02	0	0
AI	2020-04-01	0	0
AI	2020-03-31	0	0
AI	2020-03-30	0	0
AI	2020-03-29	0	0
AI	2020-03-28	0	0
AI	2020-03-27	2	0
AG	2020-06-14	0	0
AG	2020-06-13	0	0
AG	2020-06-12	0	0
AG	2020-06-11	0	0
AG	2020-06-10	0	0
AG	2020-06-09	0	0
AG	2020-06-08	0	0
AG	2020-06-07	0	0
AG	2020-06-06	0	0
AG	2020-06-05	0	0
AG	2020-06-04	1	0
AG	2020-06-03	0	0
AG	2020-06-02	0	0
AG	2020-06-01	0	0
AG	2020-05-31	0	0
AG	2020-05-30	0	0
AG	2020-05-29	0	0
AG	2020-05-28	0	0
AG	2020-05-27	0	0
AG	2020-05-26	0	0
AG	2020-05-25	0	0
AG	2020-05-24	0	0
AG	2020-05-23	0	0
AG	2020-05-22	0	0
AG	2020-05-21	0	0
AG	2020-05-20	0	0
AG	2020-05-19	0	0
AG	2020-05-18	0	0
AG	2020-05-17	0	0
AG	2020-05-16	0	0
AG	2020-05-15	0	0
AG	2020-05-14	0	0
AG	2020-05-13	0	0
AG	2020-05-12	0	0
AG	2020-05-11	0	0
AG	2020-05-10	0	0
AG	2020-05-09	0	0
AG	2020-05-08	0	0
AG	2020-05-07	0	0
AG	2020-05-06	0	0
AG	2020-05-05	0	0
AG	2020-05-04	0	0
AG	2020-05-03	0	0
AG	2020-05-02	1	0
AG	2020-05-01	0	0
AG	2020-04-30	0	0
AG	2020-04-29	0	0
AG	2020-04-28	0	0
AG	2020-04-27	0	0
AG	2020-04-26	0	0
AG	2020-04-25	0	0
AG	2020-04-24	0	0
AG	2020-04-23	0	0
AG	2020-04-22	1	0
AG	2020-04-21	0	1
AG	2020-04-20	0	0
AG	2020-04-19	0	0
AG	2020-04-18	0	0
AG	2020-04-17	0	0
AG	2020-04-16	0	0
AG	2020-04-15	0	0
AG	2020-04-14	2	0
AG	2020-04-13	0	0
AG	2020-04-12	0	0
AG	2020-04-11	2	0
AG	2020-04-10	4	2
AG	2020-04-09	0	0
AG	2020-04-08	0	0
AG	2020-04-07	0	0
AG	2020-04-06	0	0
AG	2020-04-05	0	0
AG	2020-04-04	6	0
AG	2020-04-03	2	0
AG	2020-04-02	0	0
AG	2020-04-01	0	0
AG	2020-03-31	0	0
AG	2020-03-30	0	0
AG	2020-03-29	0	0
AG	2020-03-28	0	0
AG	2020-03-27	4	0
AG	2020-03-26	0	0
AG	2020-03-25	2	0
AG	2020-03-24	0	0
AG	2020-03-23	0	0
AG	2020-03-22	0	0
AG	2020-03-21	0	0
AG	2020-03-15	1	0
AR	2020-06-14	1531	30
AR	2020-06-13	1391	20
AR	2020-06-12	1373	30
AR	2020-06-11	1239	18
AR	2020-06-10	1141	24
AR	2020-06-09	826	29
AR	2020-06-08	774	16
AR	2020-06-07	983	16
AR	2020-06-06	1769	44
AR	2020-06-05	0	5
AR	2020-06-04	949	14
AR	2020-06-03	904	13
AR	2020-06-02	564	17
AR	2020-06-01	637	11
AR	2020-05-31	795	8
AR	2020-05-30	717	12
AR	2020-05-29	769	8
AR	2020-05-28	705	16
AR	2020-05-27	600	17
AR	2020-05-26	552	15
AR	2020-05-25	723	7
AR	2020-05-24	704	12
AR	2020-05-23	718	17
AR	2020-05-22	648	13
AR	2020-05-21	474	10
AR	2020-05-20	438	11
AR	2020-05-19	566	16
AR	2020-05-18	0	3
AR	2020-05-17	326	7
AR	2020-05-16	345	3
AR	2020-05-15	255	24
AR	2020-05-14	316	10
AR	2020-05-13	529	14
AR	2020-05-12	245	5
AR	2020-05-11	13	0
AR	2020-05-10	165	7
AR	2020-05-09	240	11
AR	2020-05-08	163	9
AR	2020-05-07	188	9
AR	2020-05-06	133	4
AR	2020-05-05	104	14
AR	2020-05-04	102	9
AR	2020-05-03	149	12
AR	2020-05-02	104	7
AR	2020-05-01	143	4
AR	2020-04-30	158	7
AR	2020-04-29	124	10
AR	2020-04-28	223	11
AR	2020-04-27	0	1
AR	2020-04-26	344	18
AR	2020-04-25	0	2
AR	2020-04-24	147	6
AR	2020-04-23	144	8
AR	2020-04-22	112	9
AR	2020-04-21	90	8
AR	2020-04-20	102	2
AR	2020-04-19	170	10
AR	2020-04-18	98	7
AR	2020-04-17	128	6
AR	2020-04-16	0	4
AR	2020-04-15	160	7
AR	2020-04-14	69	3
AR	2020-04-13	66	6
AR	2020-04-12	162	7
AR	2020-04-11	81	3
AR	2020-04-10	99	14
AR	2020-04-09	80	5
AR	2020-04-08	87	7
AR	2020-04-07	74	7
AR	2020-04-06	103	3
AR	2020-04-05	186	6
AR	2020-04-04	132	3
AR	2020-04-03	0	3
AR	2020-04-02	167	7
AR	2020-04-01	0	0
AR	2020-03-31	146	4
AR	2020-03-30	75	1
AR	2020-03-29	55	2
AR	2020-03-28	101	5
AR	2020-03-27	87	4
AR	2020-03-26	115	2
AR	2020-03-25	86	2
AR	2020-03-24	35	0
AR	2020-03-23	41	0
AR	2020-03-22	67	1
AR	2020-03-21	30	0
AR	2020-03-20	31	1
AR	2020-03-19	18	0
AR	2020-03-18	14	0
AR	2020-03-17	9	0
AR	2020-03-16	11	0
AR	2020-03-15	11	0
AR	2020-03-14	3	1
AR	2020-03-13	12	0
AR	2020-03-11	7	0
AR	2020-03-09	3	0
AR	2020-03-08	1	1
AR	2020-03-07	6	0
AR	2020-03-06	1	0
AR	2020-03-04	1	0
AM	2020-06-14	723	6
AM	2020-06-13	612	13
AM	2020-06-12	566	18
AM	2020-06-11	428	10
AM	2020-06-10	350	6
AM	2020-06-09	195	11
AM	2020-06-08	766	10
AM	2020-06-07	547	7
AM	2020-06-06	596	7
AM	2020-06-05	697	6
AM	2020-06-04	515	12
AM	2020-06-03	517	19
AM	2020-06-02	210	8
AM	2020-06-01	355	4
AM	2020-05-31	251	7
AM	2020-05-30	460	7
AM	2020-05-29	442	15
AM	2020-05-28	372	7
AM	2020-05-27	289	4
AM	2020-05-26	452	6
AM	2020-05-25	359	4
AM	2020-05-24	374	3
AM	2020-05-23	322	4
AM	2020-05-22	335	3
AM	2020-05-21	230	3
AM	2020-05-20	218	3
AM	2020-05-19	351	1
AM	2020-05-18	189	5
AM	2020-05-17	239	3
AM	2020-05-16	184	3
AM	2020-05-15	142	1
AM	2020-05-14	180	1
AM	2020-05-13	146	1
AM	2020-05-12	79	1
AM	2020-05-11	138	1
AM	2020-05-10	146	1
AM	2020-05-09	145	1
AM	2020-05-08	102	2
AM	2020-05-07	163	0
AM	2020-05-06	112	1
AM	2020-05-05	121	4
AM	2020-05-04	113	2
AM	2020-05-03	125	0
AM	2020-05-02	82	1
AM	2020-05-01	134	2
AM	2020-04-30	0	0
AM	2020-04-29	65	0
AM	2020-04-28	59	1
AM	2020-04-27	62	1
AM	2020-04-26	69	0
AM	2020-04-25	81	1
AM	2020-04-24	73	3
AM	2020-04-23	50	0
AM	2020-04-22	72	0
AM	2020-04-21	62	2
AM	2020-04-20	48	2
AM	2020-04-19	43	0
AM	2020-04-18	47	1
AM	2020-04-17	42	1
AM	2020-04-16	48	1
AM	2020-04-15	72	3
AM	2020-04-14	26	1
AM	2020-04-13	46	0
AM	2020-04-12	30	2
AM	2020-04-11	16	1
AM	2020-04-10	40	1
AM	2020-04-09	28	1
AM	2020-04-08	20	0
AM	2020-04-07	11	1
AM	2020-04-06	52	0
AM	2020-04-05	34	0
AM	2020-04-04	73	3
AM	2020-04-03	92	1
AM	2020-04-02	39	0
AM	2020-04-01	50	0
AM	2020-03-31	58	0
AM	2020-03-30	0	0
AM	2020-03-29	52	2
AM	2020-03-28	43	0
AM	2020-03-27	39	1
AM	2020-03-26	25	0
AM	2020-03-25	71	0
AM	2020-03-24	4	0
AM	2020-03-23	30	0
AM	2020-03-22	24	0
AM	2020-03-21	14	0
AM	2020-03-20	7	0
AM	2020-03-19	37	0
AM	2020-03-18	26	0
AM	2020-03-17	22	0
AM	2020-03-16	10	0
AM	2020-03-15	7	0
AM	2020-03-14	7	0
AM	2020-03-13	2	0
AM	2020-03-12	3	0
AM	2020-03-02	0	0
AM	2020-03-01	1	0
AM	2020-02-29	0	0
AM	2020-02-28	0	0
AM	2020-02-27	0	0
AM	2020-02-26	0	0
AM	2020-02-25	0	0
AM	2020-02-24	0	0
AM	2020-02-23	0	0
AM	2020-02-22	0	0
AM	2020-02-21	0	0
AM	2020-02-20	0	0
AM	2020-02-19	0	0
AM	2020-02-18	0	0
AM	2020-02-17	0	0
AM	2020-02-16	0	0
AM	2020-02-15	0	0
AM	2020-02-14	0	0
AM	2020-02-13	0	0
AM	2020-02-12	0	0
AM	2020-02-11	0	0
AM	2020-02-10	0	0
AM	2020-02-09	0	0
AM	2020-02-08	0	0
AM	2020-02-07	0	0
AM	2020-02-06	0	0
AM	2020-02-05	0	0
AM	2020-02-04	0	0
AM	2020-02-03	0	0
AM	2020-02-02	0	0
AM	2020-02-01	0	0
AM	2020-01-31	0	0
AM	2020-01-30	0	0
AM	2020-01-29	0	0
AM	2020-01-28	0	0
AM	2020-01-27	0	0
AM	2020-01-26	0	0
AM	2020-01-25	0	0
AM	2020-01-24	0	0
AM	2020-01-23	0	0
AM	2020-01-22	0	0
AM	2020-01-21	0	0
AM	2020-01-20	0	0
AM	2020-01-19	0	0
AM	2020-01-18	0	0
AM	2020-01-17	0	0
AM	2020-01-16	0	0
AM	2020-01-15	0	0
AM	2020-01-14	0	0
AM	2020-01-13	0	0
AM	2020-01-12	0	0
AM	2020-01-11	0	0
AM	2020-01-10	0	0
AM	2020-01-09	0	0
AM	2020-01-08	0	0
AM	2020-01-07	0	0
AM	2020-01-06	0	0
AM	2020-01-05	0	0
AM	2020-01-04	0	0
AM	2020-01-03	0	0
AM	2020-01-02	0	0
AM	2020-01-01	0	0
AM	2019-12-31	0	0
AW	2020-06-14	0	0
AW	2020-06-13	0	0
AW	2020-06-12	0	0
AW	2020-06-11	0	0
AW	2020-06-10	0	0
AW	2020-06-09	0	0
AW	2020-06-08	0	0
AW	2020-06-07	0	0
AW	2020-06-06	0	0
AW	2020-06-05	0	0
AW	2020-06-04	0	0
AW	2020-06-03	0	0
AW	2020-06-02	0	0
AW	2020-06-01	0	0
AW	2020-05-31	0	0
AW	2020-05-30	0	0
AW	2020-05-29	0	0
AW	2020-05-28	0	0
AW	2020-05-27	0	0
AW	2020-05-26	0	0
AW	2020-05-25	0	0
AW	2020-05-24	0	0
AW	2020-05-23	0	0
AW	2020-05-22	0	0
AW	2020-05-21	0	0
AW	2020-05-20	0	0
AW	2020-05-19	0	0
AW	2020-05-18	0	0
AW	2020-05-17	0	0
AW	2020-05-16	0	0
AW	2020-05-15	0	0
AW	2020-05-14	0	0
AW	2020-05-13	0	0
AW	2020-05-12	0	0
AW	2020-05-11	0	0
AW	2020-05-10	0	0
AW	2020-05-09	0	0
AW	2020-05-08	0	1
AW	2020-05-07	1	0
AW	2020-05-06	0	0
AW	2020-05-05	0	0
AW	2020-05-04	0	0
AW	2020-05-03	0	0
AW	2020-05-02	0	0
AW	2020-05-01	0	0
AW	2020-04-30	0	0
AW	2020-04-29	0	0
AW	2020-04-28	0	0
AW	2020-04-27	0	0
AW	2020-04-26	0	0
AW	2020-04-25	0	0
AW	2020-04-24	0	0
AW	2020-04-23	3	0
AW	2020-04-22	0	0
AW	2020-04-21	0	0
AW	2020-04-20	1	0
AW	2020-04-19	0	0
AW	2020-04-18	1	1
AW	2020-04-17	2	0
AW	2020-04-16	1	1
AW	2020-04-15	0	0
AW	2020-04-14	0	0
AW	2020-04-13	0	0
AW	2020-04-12	6	0
AW	2020-04-11	4	0
AW	2020-04-10	5	0
AW	2020-04-09	3	0
AW	2020-04-08	3	0
AW	2020-04-07	7	0
AW	2020-04-06	0	0
AW	2020-04-05	2	0
AW	2020-04-04	2	0
AW	2020-04-03	5	0
AW	2020-04-02	0	0
AW	2020-04-01	5	0
AW	2020-03-30	22	0
AW	2020-03-29	0	0
AW	2020-03-28	0	0
AW	2020-03-27	9	0
AW	2020-03-26	2	0
AW	2020-03-25	5	0
AW	2020-03-24	8	0
AW	2020-03-20	2	0
AW	2020-03-13	2	0
AU	2020-06-14	12	0
AU	2020-06-13	5	0
AU	2020-06-12	9	0
AU	2020-06-11	9	0
AU	2020-06-10	2	0
AU	2020-06-09	5	0
AU	2020-06-08	5	0
AU	2020-06-07	4	0
AU	2020-06-06	11	0
AU	2020-06-05	11	0
AU	2020-06-04	8	0
AU	2020-06-03	17	0
AU	2020-06-02	9	0
AU	2020-06-01	10	0
AU	2020-05-31	12	0
AU	2020-05-30	23	0
AU	2020-05-29	11	0
AU	2020-05-28	6	0
AU	2020-05-27	15	0
AU	2020-05-26	9	0
AU	2020-05-25	3	0
AU	2020-05-24	11	1
AU	2020-05-23	14	1
AU	2020-05-22	2	0
AU	2020-05-21	11	1
AU	2020-05-20	8	0
AU	2020-05-19	15	1
AU	2020-05-18	9	0
AU	2020-05-17	17	0
AU	2020-05-16	30	0
AU	2020-05-15	14	0
AU	2020-05-14	11	1
AU	2020-05-13	16	0
AU	2020-05-12	7	0
AU	2020-05-11	12	0
AU	2020-05-10	15	0
AU	2020-05-09	18	0
AU	2020-05-08	21	0
AU	2020-05-07	26	1
AU	2020-05-06	24	1
AU	2020-05-05	24	0
AU	2020-05-04	18	2
AU	2020-05-03	16	0
AU	2020-05-02	5	1
AU	2020-05-01	16	2
AU	2020-04-30	8	2
AU	2020-04-29	13	4
AU	2020-04-28	12	1
AU	2020-04-27	10	2
AU	2020-04-26	16	2
AU	2020-04-25	20	4
AU	2020-04-24	13	1
AU	2020-04-23	7	0
AU	2020-04-22	22	3
AU	2020-04-21	13	1
AU	2020-04-20	26	1
AU	2020-04-19	53	2
AU	2020-04-18	36	4
AU	2020-04-17	39	0
AU	2020-04-16	42	2
AU	2020-04-15	50	0
AU	2020-04-14	44	0
AU	2020-04-13	33	4
AU	2020-04-12	51	3
AU	2020-04-11	86	2
AU	2020-04-10	100	2
AU	2020-04-09	96	5
AU	2020-04-08	112	3
AU	2020-04-07	100	6
AU	2020-04-06	57	2
AU	2020-04-05	139	4
AU	2020-04-04	324	7
AU	2020-04-03	248	2
AU	2020-04-02	269	1
AU	2020-04-01	150	1
AU	2020-03-31	464	3
AU	2020-03-30	284	2
AU	2020-03-29	431	1
AU	2020-03-28	212	0
AU	2020-03-27	367	2
AU	2020-03-26	376	3
AU	2020-03-25	600	1
AU	2020-03-24	114	0
AU	2020-03-23	611	0
AU	2020-03-22	224	0
AU	2020-03-21	165	1
AU	2020-03-20	144	0
AU	2020-03-19	111	1
AU	2020-03-18	79	0
AU	2020-03-17	77	0
AU	2020-03-16	49	2
AU	2020-03-15	52	0
AU	2020-03-14	41	0
AU	2020-03-13	30	0
AU	2020-03-12	14	0
AU	2020-03-11	12	0
AU	2020-03-10	20	0
AU	2020-03-09	6	0
AU	2020-03-08	11	1
AU	2020-03-07	4	0
AU	2020-03-06	7	0
AU	2020-03-05	11	1
AU	2020-03-04	8	0
AU	2020-03-03	4	0
AU	2020-03-02	3	0
AU	2020-03-01	1	1
AU	2020-02-29	2	0
AU	2020-02-28	0	0
AU	2020-02-27	1	0
AU	2020-02-26	0	0
AU	2020-02-25	0	0
AU	2020-02-24	0	0
AU	2020-02-23	1	0
AU	2020-02-22	4	0
AU	2020-02-21	2	0
AU	2020-02-20	0	0
AU	2020-02-19	0	0
AU	2020-02-18	0	0
AU	2020-02-17	0	0
AU	2020-02-16	0	0
AU	2020-02-15	0	0
AU	2020-02-14	1	0
AU	2020-02-13	0	0
AU	2020-02-12	0	0
AU	2020-02-11	0	0
AU	2020-02-10	0	0
AU	2020-02-09	0	0
AU	2020-02-08	0	0
AU	2020-02-07	1	0
AU	2020-02-06	1	0
AU	2020-02-05	1	0
AU	2020-02-04	0	0
AU	2020-02-03	0	0
AU	2020-02-02	2	0
AU	2020-02-01	2	0
AU	2020-01-31	1	0
AU	2020-01-30	2	0
AU	2020-01-29	0	0
AU	2020-01-28	0	0
AU	2020-01-27	0	0
AU	2020-01-26	3	0
AU	2020-01-25	1	0
AU	2020-01-24	0	0
AU	2020-01-23	0	0
AU	2020-01-22	0	0
AU	2020-01-21	0	0
AU	2020-01-20	0	0
AU	2020-01-19	0	0
AU	2020-01-18	0	0
AU	2020-01-17	0	0
AU	2020-01-16	0	0
AU	2020-01-15	0	0
AU	2020-01-14	0	0
AU	2020-01-13	0	0
AU	2020-01-12	0	0
AU	2020-01-11	0	0
AU	2020-01-10	0	0
AU	2020-01-09	0	0
AU	2020-01-08	0	0
AU	2020-01-07	0	0
AU	2020-01-06	0	0
AU	2020-01-05	0	0
AU	2020-01-04	0	0
AU	2020-01-03	0	0
AU	2020-01-02	0	0
AU	2020-01-01	0	0
AU	2019-12-31	0	0
AT	2020-06-14	20	2
AT	2020-06-13	30	1
AT	2020-06-12	28	1
AT	2020-06-11	34	1
AT	2020-06-10	13	0
AT	2020-06-09	21	0
AT	2020-06-08	46	0
AT	2020-06-07	19	0
AT	2020-06-06	62	2
AT	2020-06-05	36	0
AT	2020-06-04	31	1
AT	2020-06-03	11	1
AT	2020-06-02	21	0
AT	2020-06-01	4	0
AT	2020-05-31	44	0
AT	2020-05-30	51	0
AT	2020-05-29	28	23
AT	2020-05-28	18	2
AT	2020-05-27	38	2
AT	2020-05-26	20	1
AT	2020-05-25	32	1
AT	2020-05-24	46	4
AT	2020-05-23	29	2
AT	2020-05-22	57	0
AT	2020-05-21	18	1
AT	2020-05-20	78	3
AT	2020-05-19	25	0
AT	2020-05-18	14	1
AT	2020-05-17	72	0
AT	2020-05-16	63	2
AT	2020-05-15	41	2
AT	2020-05-14	54	1
AT	2020-05-13	36	3
AT	2020-05-12	87	2
AT	2020-05-11	10	3
AT	2020-05-10	42	1
AT	2020-05-09	62	5
AT	2020-05-08	22	1
AT	2020-05-07	65	2
AT	2020-05-06	17	6
AT	2020-05-05	31	2
AT	2020-05-04	68	2
AT	2020-05-03	12	7
AT	2020-05-02	34	5
AT	2020-05-01	60	4
AT	2020-04-30	50	11
AT	2020-04-29	58	20
AT	2020-04-28	67	7
AT	2020-04-27	55	6
AT	2020-04-26	66	23
AT	2020-04-25	83	5
AT	2020-04-24	61	14
AT	2020-04-23	91	31
AT	2020-04-22	50	1
AT	2020-04-21	73	10
AT	2020-04-20	48	9
AT	2020-04-19	59	12
AT	2020-04-18	155	21
AT	2020-04-17	78	17
AT	2020-04-16	136	9
AT	2020-04-15	191	16
AT	2020-04-14	106	18
AT	2020-04-13	130	13
AT	2020-04-12	247	18
AT	2020-04-11	312	24
AT	2020-04-10	279	22
AT	2020-04-09	329	30
AT	2020-04-08	343	23
AT	2020-04-07	314	16
AT	2020-04-06	217	18
AT	2020-04-05	241	18
AT	2020-04-04	396	10
AT	2020-04-03	418	12
AT	2020-04-02	529	18
AT	2020-04-01	564	20
AT	2020-03-31	805	22
AT	2020-03-30	522	18
AT	2020-03-29	594	0
AT	2020-03-28	668	16
AT	2020-03-27	1141	18
AT	2020-03-26	606	4
AT	2020-03-25	796	5
AT	2020-03-24	855	9
AT	2020-03-23	607	8
AT	2020-03-22	375	2
AT	2020-03-21	453	0
AT	2020-03-20	550	2
AT	2020-03-19	314	1
AT	2020-03-18	316	0
AT	2020-03-17	156	2
AT	2020-03-16	205	0
AT	2020-03-15	151	0
AT	2020-03-14	143	0
AT	2020-03-13	115	1
AT	2020-03-12	64	0
AT	2020-03-11	51	0
AT	2020-03-10	29	0
AT	2020-03-09	3	0
AT	2020-03-08	25	0
AT	2020-03-07	33	0
AT	2020-03-06	12	0
AT	2020-03-05	5	0
AT	2020-03-04	6	0
AT	2020-03-03	4	0
AT	2020-03-02	4	0
AT	2020-03-01	3	0
AT	2020-02-29	2	0
AT	2020-02-28	3	0
AT	2020-02-27	0	0
AT	2020-02-26	2	0
AT	2020-02-25	0	0
AT	2020-02-24	0	0
AT	2020-02-23	0	0
AT	2020-02-22	0	0
AT	2020-02-21	0	0
AT	2020-02-20	0	0
AT	2020-02-19	0	0
AT	2020-02-18	0	0
AT	2020-02-17	0	0
AT	2020-02-16	0	0
AT	2020-02-15	0	0
AT	2020-02-14	0	0
AT	2020-02-13	0	0
AT	2020-02-12	0	0
AT	2020-02-11	0	0
AT	2020-02-10	0	0
AT	2020-02-09	0	0
AT	2020-02-08	0	0
AT	2020-02-07	0	0
AT	2020-02-06	0	0
AT	2020-02-05	0	0
AT	2020-02-04	0	0
AT	2020-02-03	0	0
AT	2020-02-02	0	0
AT	2020-02-01	0	0
AT	2020-01-31	0	0
AT	2020-01-30	0	0
AT	2020-01-29	0	0
AT	2020-01-28	0	0
AT	2020-01-27	0	0
AT	2020-01-26	0	0
AT	2020-01-25	0	0
AT	2020-01-24	0	0
AT	2020-01-23	0	0
AT	2020-01-22	0	0
AT	2020-01-21	0	0
AT	2020-01-20	0	0
AT	2020-01-19	0	0
AT	2020-01-18	0	0
AT	2020-01-17	0	0
AT	2020-01-16	0	0
AT	2020-01-15	0	0
AT	2020-01-14	0	0
AT	2020-01-13	0	0
AT	2020-01-12	0	0
AT	2020-01-11	0	0
AT	2020-01-10	0	0
AT	2020-01-09	0	0
AT	2020-01-08	0	0
AT	2020-01-07	0	0
AT	2020-01-06	0	0
AT	2020-01-05	0	0
AT	2020-01-04	0	0
AT	2020-01-03	0	0
AT	2020-01-02	0	0
AT	2020-01-01	0	0
AT	2019-12-31	0	0
AZ	2020-06-14	352	2
AZ	2020-06-13	336	5
AZ	2020-06-12	352	6
AZ	2020-06-11	339	4
AZ	2020-06-10	315	5
AZ	2020-06-09	323	5
AZ	2020-06-08	314	4
AZ	2020-06-07	379	2
AZ	2020-06-06	338	4
AZ	2020-06-05	262	2
AZ	2020-06-04	325	5
AZ	2020-06-03	273	3
AZ	2020-06-02	168	5
AZ	2020-06-01	248	2
AZ	2020-05-31	257	3
AZ	2020-05-30	230	2
AZ	2020-05-29	191	2
AZ	2020-05-28	165	2
AZ	2020-05-27	132	1
AZ	2020-05-26	149	2
AZ	2020-05-25	140	0
AZ	2020-05-24	127	3
AZ	2020-05-23	106	2
AZ	2020-05-22	118	1
AZ	2020-05-21	113	2
AZ	2020-05-20	231	1
AZ	2020-05-19	13	1
AZ	2020-05-18	136	3
AZ	2020-05-17	158	0
AZ	2020-05-16	101	1
AZ	2020-05-15	121	0
AZ	2020-05-14	65	2
AZ	2020-05-13	104	1
AZ	2020-05-12	70	0
AZ	2020-05-11	97	1
AZ	2020-05-10	143	3
AZ	2020-05-09	75	0
AZ	2020-05-08	77	0
AZ	2020-05-07	67	2
AZ	2020-05-06	76	0
AZ	2020-05-05	52	1
AZ	2020-05-04	38	0
AZ	2020-05-03	40	0
AZ	2020-05-02	50	1
AZ	2020-05-01	38	1
AZ	2020-04-30	49	1
AZ	2020-04-29	39	0
AZ	2020-04-28	33	1
AZ	2020-04-27	28	0
AZ	2020-04-26	25	0
AZ	2020-04-25	44	1
AZ	2020-04-24	30	0
AZ	2020-04-23	38	0
AZ	2020-04-22	44	1
AZ	2020-04-21	38	0
AZ	2020-04-20	25	1
AZ	2020-04-19	33	3
AZ	2020-04-18	57	0
AZ	2020-04-17	30	2
AZ	2020-04-16	56	0
AZ	2020-04-15	49	1
AZ	2020-04-14	50	1
AZ	2020-04-13	40	0
AZ	2020-04-12	67	1
AZ	2020-04-11	65	1
AZ	2020-04-10	104	1
AZ	2020-04-09	105	0
AZ	2020-04-08	76	1
AZ	2020-04-07	57	0
AZ	2020-04-06	63	2
AZ	2020-04-05	78	0
AZ	2020-04-04	43	0
AZ	2020-04-03	41	0
AZ	2020-04-02	61	0
AZ	2020-04-01	25	1
AZ	2020-03-31	64	0
AZ	2020-03-30	27	0
AZ	2020-03-29	17	1
AZ	2020-03-28	43	0
AZ	2020-03-27	29	1
AZ	2020-03-26	6	1
AZ	2020-03-25	15	0
AZ	2020-03-24	7	0
AZ	2020-03-23	12	0
AZ	2020-03-22	9	0
AZ	2020-03-21	0	1
AZ	2020-03-20	10	0
AZ	2020-03-19	6	0
AZ	2020-03-18	9	0
AZ	2020-03-17	0	0
AZ	2020-03-16	0	0
AZ	2020-03-15	6	0
AZ	2020-03-13	0	0
AZ	2020-03-12	2	0
AZ	2020-03-11	2	0
AZ	2020-03-07	3	0
AZ	2020-03-06	3	0
AZ	2020-03-02	2	0
AZ	2020-03-01	0	0
AZ	2020-02-29	1	0
AZ	2020-02-28	0	0
AZ	2020-02-27	0	0
AZ	2020-02-26	0	0
AZ	2020-02-25	0	0
AZ	2020-02-24	0	0
AZ	2020-02-23	0	0
AZ	2020-02-22	0	0
AZ	2020-02-21	0	0
AZ	2020-02-20	0	0
AZ	2020-02-19	0	0
AZ	2020-02-18	0	0
AZ	2020-02-17	0	0
AZ	2020-02-16	0	0
AZ	2020-02-15	0	0
AZ	2020-02-14	0	0
AZ	2020-02-13	0	0
AZ	2020-02-12	0	0
AZ	2020-02-11	0	0
AZ	2020-02-10	0	0
AZ	2020-02-09	0	0
AZ	2020-02-08	0	0
AZ	2020-02-07	0	0
AZ	2020-02-06	0	0
AZ	2020-02-05	0	0
AZ	2020-02-04	0	0
AZ	2020-02-03	0	0
AZ	2020-02-02	0	0
AZ	2020-02-01	0	0
AZ	2020-01-31	0	0
AZ	2020-01-30	0	0
AZ	2020-01-29	0	0
AZ	2020-01-28	0	0
AZ	2020-01-27	0	0
AZ	2020-01-26	0	0
AZ	2020-01-25	0	0
AZ	2020-01-24	0	0
AZ	2020-01-23	0	0
AZ	2020-01-22	0	0
AZ	2020-01-21	0	0
AZ	2020-01-20	0	0
AZ	2020-01-19	0	0
AZ	2020-01-18	0	0
AZ	2020-01-17	0	0
AZ	2020-01-16	0	0
AZ	2020-01-15	0	0
AZ	2020-01-14	0	0
AZ	2020-01-13	0	0
AZ	2020-01-12	0	0
AZ	2020-01-11	0	0
AZ	2020-01-10	0	0
AZ	2020-01-09	0	0
AZ	2020-01-08	0	0
AZ	2020-01-07	0	0
AZ	2020-01-06	0	0
AZ	2020-01-05	0	0
AZ	2020-01-04	0	0
AZ	2020-01-03	0	0
AZ	2020-01-02	0	0
AZ	2020-01-01	0	0
AZ	2019-12-31	0	0
BS	2020-06-14	0	0
BS	2020-06-13	0	0
BS	2020-06-12	0	0
BS	2020-06-11	0	0
BS	2020-06-10	0	0
BS	2020-06-09	0	0
BS	2020-06-08	0	0
BS	2020-06-07	1	0
BS	2020-06-06	0	0
BS	2020-06-05	0	0
BS	2020-06-04	0	0
BS	2020-06-03	0	0
BS	2020-06-02	0	0
BS	2020-06-01	0	0
BS	2020-05-31	0	0
BS	2020-05-30	1	0
BS	2020-05-29	1	0
BS	2020-05-28	0	0
BS	2020-05-27	0	0
BS	2020-05-26	0	0
BS	2020-05-25	0	0
BS	2020-05-24	3	0
BS	2020-05-23	0	0
BS	2020-05-22	0	0
BS	2020-05-21	1	0
BS	2020-05-20	0	0
BS	2020-05-19	0	0
BS	2020-05-18	0	0
BS	2020-05-17	0	0
BS	2020-05-16	0	0
BS	2020-05-15	2	0
BS	2020-05-14	1	0
BS	2020-05-13	0	0
BS	2020-05-12	1	0
BS	2020-05-11	0	0
BS	2020-05-10	0	0
BS	2020-05-09	0	0
BS	2020-05-08	0	0
BS	2020-05-07	3	0
BS	2020-05-06	6	0
BS	2020-05-05	0	0
BS	2020-05-04	0	0
BS	2020-05-03	1	0
BS	2020-05-02	1	0
BS	2020-05-01	1	0
BS	2020-04-30	0	0
BS	2020-04-29	0	0
BS	2020-04-28	0	0
BS	2020-04-27	2	0
BS	2020-04-26	5	0
BS	2020-04-25	1	0
BS	2020-04-24	2	2
BS	2020-04-23	5	0
BS	2020-04-22	1	0
BS	2020-04-21	4	0
BS	2020-04-20	2	0
BS	2020-04-19	3	0
BS	2020-04-18	1	0
BS	2020-04-17	1	1
BS	2020-04-16	4	0
BS	2020-04-15	0	0
BS	2020-04-14	2	0
BS	2020-04-13	1	0
BS	2020-04-12	4	0
BS	2020-04-11	1	0
BS	2020-04-10	1	1
BS	2020-04-09	4	1
BS	2020-04-08	3	1
BS	2020-04-07	4	0
BS	2020-04-06	1	1
BS	2020-04-05	4	1
BS	2020-04-04	0	2
BS	2020-04-03	3	0
BS	2020-04-02	6	1
BS	2020-04-01	1	0
BS	2020-03-31	0	0
BS	2020-03-30	3	0
BS	2020-03-29	2	0
BS	2020-03-28	0	0
BS	2020-03-27	4	0
BS	2020-03-26	1	0
BS	2020-03-25	0	0
BS	2020-03-24	0	0
BS	2020-03-23	0	0
BS	2020-03-22	0	0
BS	2020-03-21	1	0
BS	2020-03-20	2	0
BS	2020-03-17	0	0
BS	2020-03-16	1	0
BH	2020-06-14	514	3
BH	2020-06-13	444	0
BH	2020-06-12	1069	5
BH	2020-06-11	0	2
BH	2020-06-10	783	3
BH	2020-06-09	654	0
BH	2020-06-08	380	2
BH	2020-06-07	548	1
BH	2020-06-06	539	2
BH	2020-06-05	481	1
BH	2020-06-04	504	1
BH	2020-06-03	507	0
BH	2020-06-02	406	0
BH	2020-06-01	605	2
BH	2020-05-31	344	2
BH	2020-05-30	397	0
BH	2020-05-29	419	0
BH	2020-05-28	267	1
BH	2020-05-27	195	0
BH	2020-05-26	33	0
BH	2020-05-25	336	1
BH	2020-05-24	388	1
BH	2020-05-23	240	0
BH	2020-05-22	286	0
BH	2020-05-21	356	0
BH	2020-05-20	348	0
BH	2020-05-19	228	0
BH	2020-05-18	209	0
BH	2020-05-17	164	0
BH	2020-05-16	385	2
BH	2020-05-15	382	0
BH	2020-05-14	285	1
BH	2020-05-13	295	1
BH	2020-05-12	295	0
BH	2020-05-11	167	0
BH	2020-05-10	330	0
BH	2020-05-09	245	0
BH	2020-05-08	265	0
BH	2020-05-07	214	0
BH	2020-05-06	187	0
BH	2020-05-05	150	0
BH	2020-05-04	99	0
BH	2020-05-03	114	0
BH	2020-05-02	130	0
BH	2020-05-01	119	0
BH	2020-04-30	110	0
BH	2020-04-29	88	0
BH	2020-04-28	76	0
BH	2020-04-27	58	0
BH	2020-04-26	71	0
BH	2020-04-25	301	0
BH	2020-04-24	210	1
BH	2020-04-23	34	0
BH	2020-04-22	66	0
BH	2020-04-21	34	0
BH	2020-04-20	100	0
BH	2020-04-19	29	0
BH	2020-04-18	44	0
BH	2020-04-17	27	0
BH	2020-04-16	145	0
BH	2020-04-15	167	0
BH	2020-04-14	225	1
BH	2020-04-13	96	0
BH	2020-04-12	42	0
BH	2020-04-11	111	1
BH	2020-04-10	64	0
BH	2020-04-09	12	0
BH	2020-04-08	55	1
BH	2020-04-07	56	0
BH	2020-04-06	12	0
BH	2020-04-05	45	0
BH	2020-04-04	0	0
BH	2020-04-03	74	0
BH	2020-04-02	2	0
BH	2020-04-01	52	0
BH	2020-03-31	15	0
BH	2020-03-30	27	0
BH	2020-03-29	7	0
BH	2020-03-28	8	0
BH	2020-03-27	39	1
BH	2020-03-26	29	0
BH	2020-03-25	51	1
BH	2020-03-24	5	0
BH	2020-03-23	28	1
BH	2020-03-22	21	0
BH	2020-03-21	16	0
BH	2020-03-20	13	0
BH	2020-03-19	19	0
BH	2020-03-18	16	0
BH	2020-03-17	7	1
BH	2020-03-16	3	0
BH	2020-03-15	1	0
BH	2020-03-14	48	0
BH	2020-03-13	0	0
BH	2020-03-12	52	0
BH	2020-03-11	1	0
BH	2020-03-10	30	0
BH	2020-03-09	16	0
BH	2020-03-08	7	0
BH	2020-03-07	4	0
BH	2020-03-06	0	0
BH	2020-03-05	3	0
BH	2020-03-04	2	0
BH	2020-03-02	6	0
BH	2020-03-01	3	0
BH	2020-02-29	5	0
BH	2020-02-28	0	0
BH	2020-02-27	10	0
BH	2020-02-26	21	0
BH	2020-02-25	1	0
BH	2020-02-24	1	0
BH	2020-02-23	0	0
BH	2020-02-22	0	0
BH	2020-02-21	0	0
BH	2020-02-20	0	0
BH	2020-02-19	0	0
BH	2020-02-18	0	0
BH	2020-02-17	0	0
BH	2020-02-16	0	0
BH	2020-02-15	0	0
BH	2020-02-14	0	0
BH	2020-02-13	0	0
BH	2020-02-12	0	0
BH	2020-02-11	0	0
BH	2020-02-10	0	0
BH	2020-02-09	0	0
BH	2020-02-08	0	0
BH	2020-02-07	0	0
BH	2020-02-06	0	0
BH	2020-02-05	0	0
BH	2020-02-04	0	0
BH	2020-02-03	0	0
BH	2020-02-02	0	0
BH	2020-02-01	0	0
BH	2020-01-31	0	0
BH	2020-01-30	0	0
BH	2020-01-29	0	0
BH	2020-01-28	0	0
BH	2020-01-27	0	0
BH	2020-01-26	0	0
BH	2020-01-25	0	0
BH	2020-01-24	0	0
BH	2020-01-23	0	0
BH	2020-01-22	0	0
BH	2020-01-21	0	0
BH	2020-01-20	0	0
BH	2020-01-19	0	0
BH	2020-01-18	0	0
BH	2020-01-17	0	0
BH	2020-01-16	0	0
BH	2020-01-15	0	0
BH	2020-01-14	0	0
BH	2020-01-13	0	0
BH	2020-01-12	0	0
BH	2020-01-11	0	0
BH	2020-01-10	0	0
BH	2020-01-09	0	0
BH	2020-01-08	0	0
BH	2020-01-07	0	0
BH	2020-01-06	0	0
BH	2020-01-05	0	0
BH	2020-01-04	0	0
BH	2020-01-03	0	0
BH	2020-01-02	0	0
BH	2020-01-01	0	0
BH	2019-12-31	0	0
BD	2020-06-14	2856	44
BD	2020-06-13	3471	46
BD	2020-06-12	3187	37
BD	2020-06-11	3190	37
BD	2020-06-10	3171	45
BD	2020-06-09	2735	42
BD	2020-06-08	2743	42
BD	2020-06-07	2635	35
BD	2020-06-06	2828	30
BD	2020-06-05	2423	35
BD	2020-06-04	2695	37
BD	2020-06-03	2911	37
BD	2020-06-02	2381	22
BD	2020-06-01	2545	40
BD	2020-05-31	1764	28
BD	2020-05-30	2523	23
BD	2020-05-29	2029	15
BD	2020-05-28	1541	22
BD	2020-05-27	1166	21
BD	2020-05-26	1975	21
BD	2020-05-25	1532	28
BD	2020-05-24	1873	20
BD	2020-05-23	1694	24
BD	2020-05-22	1773	22
BD	2020-05-21	1617	16
BD	2020-05-20	1251	21
BD	2020-05-19	1602	21
BD	2020-05-18	1273	14
BD	2020-05-17	930	16
BD	2020-05-16	1202	15
BD	2020-05-15	1041	14
BD	2020-05-14	1162	19
BD	2020-05-13	969	11
BD	2020-05-12	1034	11
BD	2020-05-11	887	14
BD	2020-05-10	636	8
BD	2020-05-09	709	7
BD	2020-05-08	706	13
BD	2020-05-07	790	3
BD	2020-05-06	786	1
BD	2020-05-05	688	5
BD	2020-05-04	665	2
BD	2020-05-03	552	5
BD	2020-05-02	571	2
BD	2020-05-01	564	5
BD	2020-04-30	641	8
BD	2020-04-29	549	3
BD	2020-04-28	497	7
BD	2020-04-27	418	5
BD	2020-04-26	309	9
BD	2020-04-25	503	4
BD	2020-04-24	414	7
BD	2020-04-23	390	10
BD	2020-04-22	434	9
BD	2020-04-21	492	10
BD	2020-04-20	312	7
BD	2020-04-19	306	9
BD	2020-04-18	266	15
BD	2020-04-17	341	10
BD	2020-04-16	219	4
BD	2020-04-15	209	7
BD	2020-04-14	182	5
BD	2020-04-13	139	4
BD	2020-04-12	58	3
BD	2020-04-11	94	6
BD	2020-04-10	112	1
BD	2020-04-09	54	3
BD	2020-04-08	41	5
BD	2020-04-07	35	3
BD	2020-04-06	18	1
BD	2020-04-05	9	2
BD	2020-04-04	5	0
BD	2020-04-03	2	0
BD	2020-04-02	3	1
BD	2020-04-01	2	0
BD	2020-03-31	0	0
BD	2020-03-30	1	0
BD	2020-03-29	0	0
BD	2020-03-28	0	0
BD	2020-03-27	9	0
BD	2020-03-26	0	1
BD	2020-03-25	6	1
BD	2020-03-24	6	0
BD	2020-03-23	3	1
BD	2020-03-22	7	2
BD	2020-03-21	7	0
BD	2020-03-20	0	0
BD	2020-03-19	2	0
BD	2020-03-18	3	0
BD	2020-03-17	2	0
BD	2020-03-15	0	0
BD	2020-03-09	3	0
BB	2020-06-14	0	0
BB	2020-06-13	0	0
BB	2020-06-12	0	0
BB	2020-06-11	4	0
BB	2020-06-10	0	0
BB	2020-06-09	0	0
BB	2020-06-08	0	0
BB	2020-06-07	0	0
BB	2020-06-06	0	0
BB	2020-06-05	0	0
BB	2020-06-04	0	0
BB	2020-06-03	0	0
BB	2020-06-02	0	0
BB	2020-06-01	0	0
BB	2020-05-31	0	0
BB	2020-05-30	0	0
BB	2020-05-29	0	0
BB	2020-05-28	0	0
BB	2020-05-27	0	0
BB	2020-05-26	0	0
BB	2020-05-25	0	0
BB	2020-05-24	2	0
BB	2020-05-23	0	0
BB	2020-05-22	0	0
BB	2020-05-21	0	0
BB	2020-05-20	2	0
BB	2020-05-19	0	0
BB	2020-05-18	2	0
BB	2020-05-17	1	0
BB	2020-05-16	0	0
BB	2020-05-15	0	0
BB	2020-05-14	0	0
BB	2020-05-13	1	0
BB	2020-05-12	0	0
BB	2020-05-11	0	0
BB	2020-05-10	1	0
BB	2020-05-09	1	0
BB	2020-05-08	0	0
BB	2020-05-07	0	0
BB	2020-05-06	0	0
BB	2020-05-05	0	0
BB	2020-05-04	1	0
BB	2020-05-03	0	0
BB	2020-05-02	0	0
BB	2020-05-01	1	0
BB	2020-04-30	0	1
BB	2020-04-29	0	0
BB	2020-04-28	1	0
BB	2020-04-27	0	0
BB	2020-04-26	3	0
BB	2020-04-25	0	0
BB	2020-04-24	0	0
BB	2020-04-23	1	1
BB	2020-04-22	0	0
BB	2020-04-21	0	0
BB	2020-04-20	0	0
BB	2020-04-19	0	0
BB	2020-04-18	0	0
BB	2020-04-17	0	0
BB	2020-04-16	2	0
BB	2020-04-15	1	1
BB	2020-04-14	1	0
BB	2020-04-13	3	0
BB	2020-04-12	1	0
BB	2020-04-11	1	1
BB	2020-04-10	3	0
BB	2020-04-09	0	0
BB	2020-04-08	3	1
BB	2020-04-07	4	1
BB	2020-04-06	5	1
BB	2020-04-05	6	0
BB	2020-04-04	0	0
BB	2020-04-03	0	0
BB	2020-04-02	11	0
BB	2020-04-01	0	0
BB	2020-03-31	1	0
BB	2020-03-30	7	0
BB	2020-03-29	2	0
BB	2020-03-28	0	0
BB	2020-03-27	6	0
BB	2020-03-26	0	0
BB	2020-03-25	1	0
BB	2020-03-24	0	0
BB	2020-03-23	3	0
BB	2020-03-22	8	0
BB	2020-03-21	4	0
BB	2020-03-20	1	0
BB	2020-03-19	0	0
BB	2020-03-18	1	0
BY	2020-06-14	721	5
BY	2020-06-13	704	5
BY	2020-06-12	750	5
BY	2020-06-11	801	6
BY	2020-06-10	812	6
BY	2020-06-09	823	7
BY	2020-06-08	879	6
BY	2020-06-07	883	4
BY	2020-06-06	887	6
BY	2020-06-05	865	5
BY	2020-06-04	861	5
BY	2020-06-03	852	3
BY	2020-06-02	847	5
BY	2020-06-01	898	6
BY	2020-05-31	894	5
BY	2020-05-30	906	5
BY	2020-05-29	902	5
BY	2020-05-28	897	6
BY	2020-05-27	915	4
BY	2020-05-26	946	5
BY	2020-05-25	954	5
BY	2020-05-24	941	4
BY	2020-05-23	932	5
BY	2020-05-22	945	6
BY	2020-05-21	918	4
BY	2020-05-20	936	4
BY	2020-05-19	922	6
BY	2020-05-18	969	5
BY	2020-05-17	951	4
BY	2020-05-16	958	5
BY	2020-05-15	947	5
BY	2020-05-14	952	4
BY	2020-05-13	967	7
BY	2020-05-12	933	4
BY	2020-05-11	921	5
BY	2020-05-10	951	5
BY	2020-05-09	933	5
BY	2020-05-08	913	4
BY	2020-05-07	905	5
BY	2020-05-06	861	4
BY	2020-05-05	784	4
BY	2020-05-04	877	2
BY	2020-05-03	911	4
BY	2020-05-02	890	4
BY	2020-05-01	846	5
BY	2020-04-30	973	5
BY	2020-04-29	919	4
BY	2020-04-28	826	3
BY	2020-04-27	873	5
BY	2020-04-26	817	4
BY	2020-04-25	751	3
BY	2020-04-24	741	2
BY	2020-04-23	558	3
BY	2020-04-22	459	4
BY	2020-04-21	1485	4
BY	2020-04-20	0	2
BY	2020-04-19	0	3
BY	2020-04-18	575	2
BY	2020-04-17	476	4
BY	2020-04-16	447	3
BY	2020-04-15	362	4
BY	2020-04-14	341	3
BY	2020-04-13	352	3
BY	2020-04-12	245	4
BY	2020-04-11	495	3
BY	2020-04-10	420	3
BY	2020-04-09	205	0
BY	2020-04-08	161	0
BY	2020-04-07	136	5
BY	2020-04-06	170	3
BY	2020-04-05	43	1
BY	2020-04-04	97	0
BY	2020-04-03	102	4
BY	2020-04-02	0	0
BY	2020-04-01	47	0
BY	2020-03-31	11	0
BY	2020-03-30	0	0
BY	2020-03-29	0	0
BY	2020-03-28	8	0
BY	2020-03-27	0	0
BY	2020-03-26	5	0
BY	2020-03-25	0	0
BY	2020-03-24	5	0
BY	2020-03-23	0	0
BY	2020-03-22	19	0
BY	2020-03-21	0	0
BY	2020-03-20	11	0
BY	2020-03-19	10	0
BY	2020-03-18	0	0
BY	2020-03-17	9	0
BY	2020-03-16	6	0
BY	2020-03-13	9	0
BY	2020-03-12	3	0
BY	2020-03-11	3	0
BY	2020-03-05	2	0
BY	2020-03-04	3	0
BY	2020-03-02	0	0
BY	2020-03-01	0	0
BY	2020-02-29	0	0
BY	2020-02-28	1	0
BY	2020-02-27	0	0
BY	2020-02-26	0	0
BY	2020-02-25	0	0
BY	2020-02-24	0	0
BY	2020-02-23	0	0
BY	2020-02-22	0	0
BY	2020-02-21	0	0
BY	2020-02-20	0	0
BY	2020-02-19	0	0
BY	2020-02-18	0	0
BY	2020-02-17	0	0
BY	2020-02-16	0	0
BY	2020-02-15	0	0
BY	2020-02-14	0	0
BY	2020-02-13	0	0
BY	2020-02-12	0	0
BY	2020-02-11	0	0
BY	2020-02-10	0	0
BY	2020-02-09	0	0
BY	2020-02-08	0	0
BY	2020-02-07	0	0
BY	2020-02-06	0	0
BY	2020-02-05	0	0
BY	2020-02-04	0	0
BY	2020-02-03	0	0
BY	2020-02-02	0	0
BY	2020-02-01	0	0
BY	2020-01-31	0	0
BY	2020-01-30	0	0
BY	2020-01-29	0	0
BY	2020-01-28	0	0
BY	2020-01-27	0	0
BY	2020-01-26	0	0
BY	2020-01-25	0	0
BY	2020-01-24	0	0
BY	2020-01-23	0	0
BY	2020-01-22	0	0
BY	2020-01-21	0	0
BY	2020-01-20	0	0
BY	2020-01-19	0	0
BY	2020-01-18	0	0
BY	2020-01-17	0	0
BY	2020-01-16	0	0
BY	2020-01-15	0	0
BY	2020-01-14	0	0
BY	2020-01-13	0	0
BY	2020-01-12	0	0
BY	2020-01-11	0	0
BY	2020-01-10	0	0
BY	2020-01-09	0	0
BY	2020-01-08	0	0
BY	2020-01-07	0	0
BY	2020-01-06	0	0
BY	2020-01-05	0	0
BY	2020-01-04	0	0
BY	2020-01-03	0	0
BY	2020-01-02	0	0
BY	2020-01-01	0	0
BY	2019-12-31	0	0
BE	2020-06-14	99	4
BE	2020-06-13	108	10
BE	2020-06-12	142	7
BE	2020-06-11	132	10
BE	2020-06-10	89	10
BE	2020-06-09	122	14
BE	2020-06-08	154	15
BE	2020-06-07	165	14
BE	2020-06-06	140	18
BE	2020-06-05	82	26
BE	2020-06-04	70	17
BE	2020-06-03	98	19
BE	2020-06-02	136	19
BE	2020-06-01	195	14
BE	2020-05-31	125	10
BE	2020-05-30	212	55
BE	2020-05-29	257	24
BE	2020-05-28	137	30
BE	2020-05-27	113	22
BE	2020-05-26	250	32
BE	2020-05-25	282	43
BE	2020-05-24	299	25
BE	2020-05-23	276	26
BE	2020-05-22	252	36
BE	2020-05-21	192	42
BE	2020-05-20	232	28
BE	2020-05-19	279	28
BE	2020-05-18	291	47
BE	2020-05-17	345	46
BE	2020-05-16	356	56
BE	2020-05-15	307	60
BE	2020-05-14	202	82
BE	2020-05-13	330	54
BE	2020-05-12	368	51
BE	2020-05-11	485	75
BE	2020-05-10	585	60
BE	2020-05-09	591	106
BE	2020-05-08	639	76
BE	2020-05-07	272	323
BE	2020-05-06	242	92
BE	2020-05-05	361	80
BE	2020-05-04	389	79
BE	2020-05-03	485	62
BE	2020-05-02	513	109
BE	2020-05-01	660	93
BE	2020-04-30	525	170
BE	2020-04-29	647	124
BE	2020-04-28	553	113
BE	2020-04-27	809	177
BE	2020-04-26	1032	238
BE	2020-04-25	1496	189
BE	2020-04-24	908	228
BE	2020-04-23	933	264
BE	2020-04-22	973	170
BE	2020-04-21	1487	145
BE	2020-04-20	1313	230
BE	2020-04-19	1045	290
BE	2020-04-18	1329	306
BE	2020-04-17	1236	417
BE	2020-04-16	2454	283
BE	2020-04-15	530	254
BE	2020-04-14	942	303
BE	2020-04-13	1629	254
BE	2020-04-12	1351	327
BE	2020-04-11	1684	496
BE	2020-04-10	1580	283
BE	2020-04-09	1209	205
BE	2020-04-08	1380	403
BE	2020-04-07	1123	185
BE	2020-04-06	1260	164
BE	2020-04-05	1661	140
BE	2020-04-04	1422	132
BE	2020-04-03	1384	183
BE	2020-04-02	1189	123
BE	2020-04-01	876	192
BE	2020-03-31	1063	82
BE	2020-03-30	1702	78
BE	2020-03-29	1850	64
BE	2020-03-28	1049	69
BE	2020-03-27	1298	42
BE	2020-03-26	668	56
BE	2020-03-25	526	34
BE	2020-03-24	342	13
BE	2020-03-23	586	8
BE	2020-03-22	558	30
BE	2020-03-21	462	16
BE	2020-03-20	309	7
BE	2020-03-19	243	9
BE	2020-03-18	158	0
BE	2020-03-17	199	1
BE	2020-03-16	197	0
BE	2020-03-15	130	1
BE	2020-03-14	160	0
BE	2020-03-13	85	0
BE	2020-03-12	47	3
BE	2020-03-11	28	0
BE	2020-03-10	39	0
BE	2020-03-09	31	0
BE	2020-03-08	60	0
BE	2020-03-07	59	0
BE	2020-03-06	27	0
BE	2020-03-05	10	0
BE	2020-03-04	5	0
BE	2020-03-03	6	0
BE	2020-03-02	1	0
BE	2020-03-01	0	0
BE	2020-02-29	0	0
BE	2020-02-28	0	0
BE	2020-02-27	0	0
BE	2020-02-26	0	0
BE	2020-02-25	0	0
BE	2020-02-24	0	0
BE	2020-02-23	0	0
BE	2020-02-22	0	0
BE	2020-02-21	0	0
BE	2020-02-20	0	0
BE	2020-02-19	0	0
BE	2020-02-18	0	0
BE	2020-02-17	0	0
BE	2020-02-16	0	0
BE	2020-02-15	0	0
BE	2020-02-14	0	0
BE	2020-02-13	0	0
BE	2020-02-12	0	0
BE	2020-02-11	0	0
BE	2020-02-10	0	0
BE	2020-02-09	0	0
BE	2020-02-08	0	0
BE	2020-02-07	0	0
BE	2020-02-06	0	0
BE	2020-02-05	0	0
BE	2020-02-04	1	0
BE	2020-02-03	0	0
BE	2020-02-02	0	0
BE	2020-02-01	0	0
BE	2020-01-31	0	0
BE	2020-01-30	0	0
BE	2020-01-29	0	0
BE	2020-01-28	0	0
BE	2020-01-27	0	0
BE	2020-01-26	0	0
BE	2020-01-25	0	0
BE	2020-01-24	0	0
BE	2020-01-23	0	0
BE	2020-01-22	0	0
BE	2020-01-21	0	0
BE	2020-01-20	0	0
BE	2020-01-19	0	0
BE	2020-01-18	0	0
BE	2020-01-17	0	0
BE	2020-01-16	0	0
BE	2020-01-15	0	0
BE	2020-01-14	0	0
BE	2020-01-13	0	0
BE	2020-01-12	0	0
BE	2020-01-11	0	0
BE	2020-01-10	0	0
BE	2020-01-09	0	0
BE	2020-01-08	0	0
BE	2020-01-07	0	0
BE	2020-01-06	0	0
BE	2020-01-05	0	0
BE	2020-01-04	0	0
BE	2020-01-03	0	0
BE	2020-01-02	0	0
BE	2020-01-01	0	0
BE	2019-12-31	0	0
BZ	2020-06-14	0	0
BZ	2020-06-13	0	0
BZ	2020-06-12	0	0
BZ	2020-06-11	0	0
BZ	2020-06-10	1	0
BZ	2020-06-09	1	0
BZ	2020-06-08	0	0
BZ	2020-06-07	0	0
BZ	2020-06-06	0	0
BZ	2020-06-05	0	0
BZ	2020-06-04	0	0
BZ	2020-06-03	0	0
BZ	2020-06-02	0	0
BZ	2020-06-01	0	0
BZ	2020-05-31	0	0
BZ	2020-05-30	0	0
BZ	2020-05-29	0	0
BZ	2020-05-28	0	0
BZ	2020-05-27	0	0
BZ	2020-05-26	0	0
BZ	2020-05-25	0	0
BZ	2020-05-24	0	0
BZ	2020-05-23	0	0
BZ	2020-05-22	0	0
BZ	2020-05-21	0	0
BZ	2020-05-20	0	0
BZ	2020-05-19	0	0
BZ	2020-05-18	0	0
BZ	2020-05-17	0	0
BZ	2020-05-16	0	0
BZ	2020-05-15	0	0
BZ	2020-05-14	0	0
BZ	2020-05-13	0	0
BZ	2020-05-12	0	0
BZ	2020-05-11	0	0
BZ	2020-05-10	0	0
BZ	2020-05-09	0	0
BZ	2020-05-08	0	0
BZ	2020-05-07	0	0
BZ	2020-05-06	0	0
BZ	2020-05-05	0	0
BZ	2020-05-04	0	0
BZ	2020-05-03	0	0
BZ	2020-05-02	0	0
BZ	2020-05-01	0	0
BZ	2020-04-30	0	0
BZ	2020-04-29	0	0
BZ	2020-04-28	0	0
BZ	2020-04-27	0	0
BZ	2020-04-26	0	0
BZ	2020-04-25	0	0
BZ	2020-04-24	0	0
BZ	2020-04-23	0	0
BZ	2020-04-22	0	0
BZ	2020-04-21	0	0
BZ	2020-04-20	0	0
BZ	2020-04-19	0	0
BZ	2020-04-18	0	0
BZ	2020-04-17	0	0
BZ	2020-04-16	0	0
BZ	2020-04-15	0	0
BZ	2020-04-14	4	0
BZ	2020-04-13	1	0
BZ	2020-04-12	3	0
BZ	2020-04-11	1	1
BZ	2020-04-10	1	0
BZ	2020-04-09	1	0
BZ	2020-04-08	0	0
BZ	2020-04-07	2	0
BZ	2020-04-06	1	1
BZ	2020-04-05	0	0
BZ	2020-04-04	1	0
BZ	2020-04-03	0	0
BZ	2020-04-02	0	0
BZ	2020-04-01	0	0
BZ	2020-03-31	1	0
BZ	2020-03-30	0	0
BZ	2020-03-29	0	0
BZ	2020-03-28	0	0
BZ	2020-03-27	0	0
BZ	2020-03-26	1	0
BZ	2020-03-25	0	0
BZ	2020-03-24	1	0
BJ	2020-06-14	24	1
BJ	2020-06-13	83	1
BJ	2020-06-12	0	0
BJ	2020-06-11	0	0
BJ	2020-06-10	0	0
BJ	2020-06-09	37	0
BJ	2020-06-08	0	0
BJ	2020-06-07	7	1
BJ	2020-06-06	0	0
BJ	2020-06-05	17	0
BJ	2020-06-04	0	0
BJ	2020-06-03	1	0
BJ	2020-06-02	11	0
BJ	2020-06-01	0	0
BJ	2020-05-31	8	0
BJ	2020-05-30	14	0
BJ	2020-05-29	0	0
BJ	2020-05-28	2	0
BJ	2020-05-27	17	0
BJ	2020-05-26	0	0
BJ	2020-05-25	56	0
BJ	2020-05-24	0	0
BJ	2020-05-23	0	0
BJ	2020-05-22	5	1
BJ	2020-05-21	0	0
BJ	2020-05-19	0	0
BJ	2020-05-18	0	0
BJ	2020-05-17	0	0
BJ	2020-05-16	0	0
BJ	2020-05-15	12	0
BJ	2020-05-14	0	0
BJ	2020-05-13	8	0
BJ	2020-05-12	0	0
BJ	2020-05-11	35	0
BJ	2020-05-10	42	0
BJ	2020-05-09	102	0
BJ	2020-05-08	38	0
BJ	2020-05-07	6	0
BJ	2020-05-06	0	0
BJ	2020-05-05	6	0
BJ	2020-05-04	0	0
BJ	2020-05-03	0	0
BJ	2020-05-02	6	0
BJ	2020-05-01	15	0
BJ	2020-04-30	5	1
BJ	2020-04-29	0	0
BJ	2020-04-28	0	0
BJ	2020-04-27	6	0
BJ	2020-04-26	0	0
BJ	2020-04-25	0	0
BJ	2020-04-24	4	0
BJ	2020-04-23	0	0
BJ	2020-04-22	0	0
BJ	2020-04-21	17	0
BJ	2020-04-20	0	0
BJ	2020-04-19	0	0
BJ	2020-04-18	0	0
BJ	2020-04-17	2	0
BJ	2020-04-16	0	0
BJ	2020-04-15	0	0
BJ	2020-04-14	0	0
BJ	2020-04-13	0	0
BJ	2020-04-12	0	0
BJ	2020-04-11	5	0
BJ	2020-04-10	4	0
BJ	2020-04-09	0	0
BJ	2020-04-08	0	0
BJ	2020-04-07	4	1
BJ	2020-04-06	6	0
BJ	2020-04-05	0	0
BJ	2020-04-04	3	0
BJ	2020-04-03	0	0
BJ	2020-04-02	5	0
BJ	2020-04-01	2	0
BJ	2020-03-31	0	0
BJ	2020-03-30	0	0
BJ	2020-03-29	0	0
BJ	2020-03-28	0	0
BJ	2020-03-27	1	0
BJ	2020-03-26	0	0
BJ	2020-03-25	0	0
BJ	2020-03-24	3	0
BJ	2020-03-23	0	0
BJ	2020-03-22	0	0
BJ	2020-03-21	0	0
BJ	2020-03-20	1	0
BJ	2020-03-19	0	0
BJ	2020-03-18	0	0
BJ	2020-03-17	1	0
BM	2020-06-14	2	0
BM	2020-06-13	1	0
BM	2020-06-12	0	0
BM	2020-06-11	0	0
BM	2020-06-10	0	0
BM	2020-06-09	0	0
BM	2020-06-08	0	0
BM	2020-06-07	0	0
BM	2020-06-06	0	0
BM	2020-06-05	0	0
BM	2020-06-04	0	0
BM	2020-06-03	0	0
BM	2020-06-02	1	0
BM	2020-06-01	0	0
BM	2020-05-31	0	0
BM	2020-05-30	0	0
BM	2020-05-29	1	0
BM	2020-05-28	0	0
BM	2020-05-27	6	0
BM	2020-05-26	0	0
BM	2020-05-25	0	0
BM	2020-05-24	5	0
BM	2020-05-23	3	0
BM	2020-05-22	0	0
BM	2020-05-21	0	0
BM	2020-05-20	0	0
BM	2020-05-19	2	0
BM	2020-05-18	0	0
BM	2020-05-17	0	0
BM	2020-05-16	1	0
BM	2020-05-15	1	1
BM	2020-05-14	0	0
BM	2020-05-13	2	0
BM	2020-05-12	1	1
BM	2020-05-11	0	0
BM	2020-05-10	0	0
BM	2020-05-09	0	0
BM	2020-05-08	0	0
BM	2020-05-07	3	0
BM	2020-05-06	0	0
BM	2020-05-05	0	0
BM	2020-05-04	1	0
BM	2020-05-03	0	1
BM	2020-05-02	0	0
BM	2020-05-01	3	0
BM	2020-04-30	1	0
BM	2020-04-29	0	0
BM	2020-04-28	1	1
BM	2020-04-27	10	0
BM	2020-04-26	0	0
BM	2020-04-25	0	0
BM	2020-04-24	0	0
BM	2020-04-23	1	0
BM	2020-04-22	12	0
BM	2020-04-21	0	0
BM	2020-04-20	0	0
BM	2020-04-19	3	0
BM	2020-04-18	0	0
BM	2020-04-17	2	0
BM	2020-04-16	24	0
BM	2020-04-15	0	1
BM	2020-04-14	0	0
BM	2020-04-13	7	0
BM	2020-04-12	2	0
BM	2020-04-11	0	0
BM	2020-04-10	9	1
BM	2020-04-09	0	1
BM	2020-04-08	0	0
BM	2020-04-07	2	2
BM	2020-04-06	0	0
BM	2020-04-05	2	0
BM	2020-04-04	0	0
BM	2020-04-03	3	0
BM	2020-04-02	0	0
BM	2020-04-01	5	0
BM	2020-03-31	5	0
BM	2020-03-30	0	0
BM	2020-03-29	5	0
BM	2020-03-28	2	0
BM	2020-03-27	9	0
BM	2020-03-26	0	0
BM	2020-03-25	0	0
BM	2020-03-24	0	0
BM	2020-03-23	4	0
BM	2020-03-22	0	0
BM	2020-03-21	0	0
BM	2020-03-20	2	0
BT	2020-06-14	4	0
BT	2020-06-13	0	0
BT	2020-06-12	0	0
BT	2020-06-11	3	0
BT	2020-06-10	0	0
BT	2020-06-09	0	0
BT	2020-06-08	11	0
BT	2020-06-07	0	0
BT	2020-06-06	0	0
BT	2020-06-05	1	0
BT	2020-06-04	0	0
BT	2020-06-03	0	0
BT	2020-06-02	4	0
BT	2020-06-01	0	0
BT	2020-05-31	10	0
BT	2020-05-30	2	0
BT	2020-05-29	3	0
BT	2020-05-28	1	0
BT	2020-05-27	0	0
BT	2020-05-26	0	0
BT	2020-05-25	3	0
BT	2020-05-24	0	0
BT	2020-05-23	3	0
BT	2020-05-22	0	0
BT	2020-05-21	0	0
BT	2020-05-20	0	0
BT	2020-05-19	0	0
BT	2020-05-18	0	0
BT	2020-05-17	0	0
BT	2020-05-16	1	0
BT	2020-05-15	5	0
BT	2020-05-14	4	0
BT	2020-05-13	0	0
BT	2020-05-12	2	0
BT	2020-05-11	2	0
BT	2020-05-10	0	0
BT	2020-05-09	0	0
BT	2020-05-08	0	0
BT	2020-05-07	0	0
BT	2020-05-06	0	0
BT	2020-05-05	0	0
BT	2020-05-04	0	0
BT	2020-05-03	0	0
BT	2020-05-02	0	0
BT	2020-05-01	0	0
BT	2020-04-30	0	0
BT	2020-04-29	0	0
BT	2020-04-28	0	0
BT	2020-04-27	0	0
BT	2020-04-26	0	0
BT	2020-04-25	0	0
BT	2020-04-24	0	0
BT	2020-04-23	1	0
BT	2020-04-22	0	0
BT	2020-04-21	1	0
BT	2020-04-20	0	0
BT	2020-04-19	0	0
BT	2020-04-18	0	0
BT	2020-04-17	0	0
BT	2020-04-16	0	0
BT	2020-04-15	0	0
BT	2020-04-14	0	0
BT	2020-04-13	0	0
BT	2020-04-12	0	0
BT	2020-04-11	0	0
BT	2020-04-10	0	0
BT	2020-04-09	0	0
BT	2020-04-08	0	0
BT	2020-04-07	0	0
BT	2020-04-06	0	0
BT	2020-04-05	0	0
BT	2020-04-04	0	0
BT	2020-04-03	0	0
BT	2020-04-02	1	0
BT	2020-04-01	0	0
BT	2020-03-31	0	0
BT	2020-03-30	0	0
BT	2020-03-29	1	0
BT	2020-03-28	0	0
BT	2020-03-27	0	0
BT	2020-03-26	1	0
BT	2020-03-25	0	0
BT	2020-03-24	0	0
BT	2020-03-23	0	0
BT	2020-03-22	0	0
BT	2020-03-21	1	0
BT	2020-03-20	0	0
BT	2020-03-19	0	0
BT	2020-03-18	0	0
BT	2020-03-17	0	0
BT	2020-03-15	0	0
BT	2020-03-13	0	0
BT	2020-03-06	1	0
BO	2020-06-14	913	26
BO	2020-06-13	764	26
BO	2020-06-12	884	21
BO	2020-06-11	637	25
BO	2020-06-10	695	12
BO	2020-06-09	306	10
BO	2020-06-08	285	11
BO	2020-06-07	630	27
BO	2020-06-06	483	12
BO	2020-06-05	607	15
BO	2020-06-04	647	24
BO	2020-06-03	460	33
BO	2020-06-02	549	30
BO	2020-06-01	390	3
BO	2020-05-31	861	10
BO	2020-05-30	344	7
BO	2020-05-29	619	13
BO	2020-05-28	632	6
BO	2020-05-27	476	13
BO	2020-05-26	397	11
BO	2020-05-25	348	10
BO	2020-05-24	336	10
BO	2020-05-23	392	15
BO	2020-05-22	268	16
BO	2020-05-21	438	10
BO	2020-05-20	218	15
BO	2020-05-19	175	5
BO	2020-05-18	262	4
BO	2020-05-17	249	1
BO	2020-05-16	205	12
BO	2020-05-15	224	10
BO	2020-05-14	184	14
BO	2020-05-13	133	6
BO	2020-05-12	275	4
BO	2020-05-11	119	4
BO	2020-05-10	171	8
BO	2020-05-09	185	4
BO	2020-05-08	195	11
BO	2020-05-07	84	5
BO	2020-05-06	121	4
BO	2020-05-05	87	6
BO	2020-05-04	124	5
BO	2020-05-03	241	5
BO	2020-05-02	62	4
BO	2020-05-01	57	3
BO	2020-04-30	57	4
BO	2020-04-29	39	2
BO	2020-04-28	64	3
BO	2020-04-27	84	4
BO	2020-04-26	59	2
BO	2020-04-25	104	1
BO	2020-04-24	31	3
BO	2020-04-23	63	3
BO	2020-04-22	11	3
BO	2020-04-21	34	1
BO	2020-04-20	44	1
BO	2020-04-19	27	1
BO	2020-04-18	28	0
BO	2020-04-17	24	2
BO	2020-04-16	44	1
BO	2020-04-15	43	0
BO	2020-04-14	24	1
BO	2020-04-13	30	3
BO	2020-04-12	24	4
BO	2020-04-11	8	1
BO	2020-04-10	4	1
BO	2020-04-09	54	3
BO	2020-04-08	16	1
BO	2020-04-07	11	3
BO	2020-04-06	26	1
BO	2020-04-05	18	0
BO	2020-04-04	7	1
BO	2020-04-03	9	1
BO	2020-04-02	8	1
BO	2020-04-01	8	1
BO	2020-03-31	11	3
BO	2020-03-30	15	3
BO	2020-03-29	7	0
BO	2020-03-28	13	0
BO	2020-03-27	22	0
BO	2020-03-26	7	0
BO	2020-03-25	4	0
BO	2020-03-24	1	0
BO	2020-03-23	7	0
BO	2020-03-22	1	0
BO	2020-03-21	4	0
BO	2020-03-20	3	0
BO	2020-03-19	0	0
BO	2020-03-18	1	0
BO	2020-03-17	1	0
BO	2020-03-15	0	0
BO	2020-03-14	7	0
BO	2020-03-13	1	0
BO	2020-03-12	2	0
BA	2020-06-14	0	0
BA	2020-06-13	62	3
BA	2020-06-12	55	0
BA	2020-06-11	49	1
BA	2020-06-10	24	0
BA	2020-06-09	98	1
BA	2020-06-08	0	0
BA	2020-06-07	0	0
BA	2020-06-06	12	0
BA	2020-06-05	43	2
BA	2020-06-04	16	0
BA	2020-06-03	11	3
BA	2020-06-02	14	0
BA	2020-06-01	15	0
BA	2020-05-31	9	0
BA	2020-05-30	23	0
BA	2020-05-29	27	2
BA	2020-05-28	19	2
BA	2020-05-27	10	3
BA	2020-05-26	5	2
BA	2020-05-25	10	3
BA	2020-05-24	19	0
BA	2020-05-23	20	2
BA	2020-05-22	18	4
BA	2020-05-21	15	2
BA	2020-05-20	16	1
BA	2020-05-19	14	0
BA	2020-05-18	22	3
BA	2020-05-17	30	2
BA	2020-05-16	21	4
BA	2020-05-15	35	3
BA	2020-05-14	23	3
BA	2020-05-13	16	5
BA	2020-05-12	52	10
BA	2020-05-11	20	4
BA	2020-05-10	0	0
BA	2020-05-09	43	8
BA	2020-05-08	40	4
BA	2020-05-07	41	7
BA	2020-05-06	20	1
BA	2020-05-05	69	1
BA	2020-05-04	18	5
BA	2020-05-03	58	2
BA	2020-05-02	92	6
BA	2020-05-01	101	2
BA	2020-04-30	0	0
BA	2020-04-29	24	2
BA	2020-04-28	48	2
BA	2020-04-27	31	2
BA	2020-04-26	65	2
BA	2020-04-25	7	1
BA	2020-04-24	46	1
BA	2020-04-23	27	2
BA	2020-04-22	40	2
BA	2020-04-21	31	2
BA	2020-04-20	15	1
BA	2020-04-19	44	1
BA	2020-04-18	58	3
BA	2020-04-17	52	1
BA	2020-04-16	27	1
BA	2020-04-15	45	1
BA	2020-04-14	21	0
BA	2020-04-13	59	1
BA	2020-04-12	47	0
BA	2020-04-11	26	1
BA	2020-04-10	59	1
BA	2020-04-09	35	3
BA	2020-04-08	86	4
BA	2020-04-07	32	4
BA	2020-04-06	31	3
BA	2020-04-05	46	3
BA	2020-04-04	54	1
BA	2020-04-03	68	4
BA	2020-04-02	51	1
BA	2020-04-01	60	4
BA	2020-03-31	30	2
BA	2020-03-30	66	1
BA	2020-03-29	28	2
BA	2020-03-28	48	0
BA	2020-03-27	0	0
BA	2020-03-26	19	1
BA	2020-03-25	33	1
BA	2020-03-24	4	0
BA	2020-03-23	33	0
BA	2020-03-22	48	1
BA	2020-03-21	0	0
BA	2020-03-20	8	0
BA	2020-03-19	15	0
BA	2020-03-18	0	0
BA	2020-03-17	3	0
BA	2020-03-16	15	0
BA	2020-03-13	0	0
BA	2020-03-12	1	0
BA	2020-03-06	2	0
BW	2020-06-14	0	0
BW	2020-06-13	12	0
BW	2020-06-12	0	0
BW	2020-06-11	6	0
BW	2020-06-10	0	0
BW	2020-06-09	2	0
BW	2020-06-08	0	0
BW	2020-06-07	0	0
BW	2020-06-06	0	0
BW	2020-06-05	0	0
BW	2020-06-04	2	0
BW	2020-06-03	0	0
BW	2020-06-02	0	0
BW	2020-06-01	3	0
BW	2020-05-31	0	0
BW	2020-05-30	0	0
BW	2020-05-29	0	0
BW	2020-05-28	0	0
BW	2020-05-27	0	0
BW	2020-05-26	0	0
BW	2020-05-25	5	0
BW	2020-05-24	0	0
BW	2020-05-23	1	0
BW	2020-05-22	0	0
BW	2020-05-21	4	0
BW	2020-05-20	0	0
BW	2020-05-19	0	0
BW	2020-05-18	1	0
BW	2020-05-17	0	0
BW	2020-05-16	0	0
BW	2020-05-15	0	0
BW	2020-05-14	0	0
BW	2020-05-13	0	0
BW	2020-05-12	1	0
BW	2020-05-11	0	0
BW	2020-05-10	0	0
BW	2020-05-09	0	0
BW	2020-05-08	0	0
BW	2020-05-07	0	0
BW	2020-05-06	0	0
BW	2020-05-05	0	0
BW	2020-05-04	0	0
BW	2020-05-03	0	0
BW	2020-05-02	0	0
BW	2020-05-01	0	0
BW	2020-04-30	0	0
BW	2020-04-29	1	0
BW	2020-04-28	0	0
BW	2020-04-27	0	0
BW	2020-04-26	0	0
BW	2020-04-25	0	0
BW	2020-04-24	0	0
BW	2020-04-23	2	0
BW	2020-04-22	0	0
BW	2020-04-21	0	0
BW	2020-04-20	5	0
BW	2020-04-19	0	0
BW	2020-04-18	0	0
BW	2020-04-17	2	0
BW	2020-04-16	0	0
BW	2020-04-15	0	0
BW	2020-04-14	0	0
BW	2020-04-13	0	0
BW	2020-04-12	0	0
BW	2020-04-11	0	0
BW	2020-04-10	6	0
BW	2020-04-09	1	0
BW	2020-04-08	0	0
BW	2020-04-07	0	0
BW	2020-04-06	2	0
BW	2020-04-05	0	0
BW	2020-04-04	0	0
BW	2020-04-03	0	0
BW	2020-04-02	1	1
BW	2020-04-01	3	0
BR	2020-06-14	21704	892
BR	2020-06-13	25982	909
BR	2020-06-12	30412	1239
BR	2020-06-11	32913	1274
BR	2020-06-10	32091	1272
BR	2020-06-09	15654	679
BR	2020-06-08	18921	525
BR	2020-06-07	27075	904
BR	2020-06-06	30830	1005
BR	2020-06-05	30916	1473
BR	2020-06-04	28633	1349
BR	2020-06-03	28936	1262
BR	2020-06-02	11598	623
BR	2020-06-01	16409	480
BR	2020-05-31	33274	956
BR	2020-05-30	26928	1124
BR	2020-05-29	26417	1156
BR	2020-05-28	20599	1086
BR	2020-05-27	16324	1039
BR	2020-05-26	11687	807
BR	2020-05-25	15813	653
BR	2020-05-24	16508	965
BR	2020-05-23	20803	1001
BR	2020-05-22	18508	1188
BR	2020-05-21	19951	888
BR	2020-05-20	17408	1179
BR	2020-05-19	13140	674
BR	2020-05-18	7938	485
BR	2020-05-17	14919	816
BR	2020-05-16	15305	824
BR	2020-05-15	13944	844
BR	2020-05-14	11385	749
BR	2020-05-13	9258	881
BR	2020-05-12	5632	396
BR	2020-05-11	6760	496
BR	2020-05-10	10611	730
BR	2020-05-09	10222	751
BR	2020-05-08	9888	610
BR	2020-05-07	10503	615
BR	2020-05-06	6935	600
BR	2020-05-05	6633	296
BR	2020-05-04	4588	275
BR	2020-05-03	4970	421
BR	2020-05-02	6209	428
BR	2020-05-01	7218	435
BR	2020-04-30	6276	449
BR	2020-04-29	5385	474
BR	2020-04-28	4613	338
BR	2020-04-27	3379	189
BR	2020-04-26	5514	346
BR	2020-04-25	3503	357
BR	2020-04-24	3735	407
BR	2020-04-23	2678	165
BR	2020-04-22	2498	166
BR	2020-04-21	1927	113
BR	2020-04-20	2055	115
BR	2020-04-19	2917	206
BR	2020-04-18	3257	217
BR	2020-04-17	2105	188
BR	2020-04-16	3058	204
BR	2020-04-15	1832	204
BR	2020-04-14	1261	105
BR	2020-04-13	1442	99
BR	2020-04-12	1089	68
BR	2020-04-11	1781	115
BR	2020-04-10	1930	141
BR	2020-04-09	2210	133
BR	2020-04-08	1661	114
BR	2020-04-07	926	67
BR	2020-04-06	852	54
BR	2020-04-05	1222	73
BR	2020-04-04	1146	60
BR	2020-04-03	1074	58
BR	2020-04-02	1119	40
BR	2020-04-01	1138	42
BR	2020-03-31	323	23
BR	2020-03-30	352	22
BR	2020-03-29	487	22
BR	2020-03-28	502	15
BR	2020-03-27	482	20
BR	2020-03-26	232	11
BR	2020-03-25	310	12
BR	2020-03-24	345	9
BR	2020-03-23	418	7
BR	2020-03-22	224	7
BR	2020-03-21	283	5
BR	2020-03-20	193	2
BR	2020-03-19	137	3
BR	2020-03-18	57	1
BR	2020-03-17	34	0
BR	2020-03-16	79	0
BR	2020-03-15	23	0
BR	2020-03-14	21	0
BR	2020-03-13	25	0
BR	2020-03-12	18	0
BR	2020-03-11	9	0
BR	2020-03-10	0	0
BR	2020-03-09	12	0
BR	2020-03-08	0	0
BR	2020-03-07	5	0
BR	2020-03-06	5	0
BR	2020-03-05	1	0
BR	2020-03-04	0	0
BR	2020-03-03	0	0
BR	2020-03-02	0	0
BR	2020-03-01	1	0
BR	2020-02-29	0	0
BR	2020-02-28	0	0
BR	2020-02-27	0	0
BR	2020-02-26	1	0
BR	2020-02-25	0	0
BR	2020-02-24	0	0
BR	2020-02-23	0	0
BR	2020-02-22	0	0
BR	2020-02-21	0	0
BR	2020-02-20	0	0
BR	2020-02-19	0	0
BR	2020-02-18	0	0
BR	2020-02-17	0	0
BR	2020-02-16	0	0
BR	2020-02-15	0	0
BR	2020-02-14	0	0
BR	2020-02-13	0	0
BR	2020-02-12	0	0
BR	2020-02-11	0	0
BR	2020-02-10	0	0
BR	2020-02-09	0	0
BR	2020-02-08	0	0
BR	2020-02-07	0	0
BR	2020-02-06	0	0
BR	2020-02-05	0	0
BR	2020-02-04	0	0
BR	2020-02-03	0	0
BR	2020-02-02	0	0
BR	2020-02-01	0	0
BR	2020-01-31	0	0
BR	2020-01-30	0	0
BR	2020-01-29	0	0
BR	2020-01-28	0	0
BR	2020-01-27	0	0
BR	2020-01-26	0	0
BR	2020-01-25	0	0
BR	2020-01-24	0	0
BR	2020-01-23	0	0
BR	2020-01-22	0	0
BR	2020-01-21	0	0
BR	2020-01-20	0	0
BR	2020-01-19	0	0
BR	2020-01-18	0	0
BR	2020-01-17	0	0
BR	2020-01-16	0	0
BR	2020-01-15	0	0
BR	2020-01-14	0	0
BR	2020-01-13	0	0
BR	2020-01-12	0	0
BR	2020-01-11	0	0
BR	2020-01-10	0	0
BR	2020-01-09	0	0
BR	2020-01-08	0	0
BR	2020-01-07	0	0
BR	2020-01-06	0	0
BR	2020-01-05	0	0
BR	2020-01-04	0	0
BR	2020-01-03	0	0
BR	2020-01-02	0	0
BR	2020-01-01	0	0
BR	2019-12-31	0	0
VG	2020-06-14	0	0
VG	2020-06-13	0	0
VG	2020-06-12	0	0
VG	2020-06-11	0	0
VG	2020-06-10	0	0
VG	2020-06-09	0	0
VG	2020-06-08	0	0
VG	2020-06-07	0	0
VG	2020-06-06	0	0
VG	2020-06-05	0	0
VG	2020-06-04	0	0
VG	2020-06-03	0	0
VG	2020-06-02	0	0
VG	2020-06-01	0	0
VG	2020-05-31	0	0
VG	2020-05-30	0	0
VG	2020-05-29	0	0
VG	2020-05-28	0	0
VG	2020-05-27	0	0
VG	2020-05-26	0	0
VG	2020-05-25	0	0
VG	2020-05-24	0	0
VG	2020-05-23	0	0
VG	2020-05-22	0	0
VG	2020-05-21	0	0
VG	2020-05-20	0	0
VG	2020-05-19	0	0
VG	2020-05-18	0	0
VG	2020-05-17	0	0
VG	2020-05-16	0	0
VG	2020-05-15	1	0
VG	2020-05-14	0	0
VG	2020-05-13	0	0
VG	2020-05-12	0	0
VG	2020-05-11	0	0
VG	2020-05-10	0	0
VG	2020-05-09	0	0
VG	2020-05-08	0	0
VG	2020-05-07	0	0
VG	2020-05-06	0	0
VG	2020-05-05	1	0
VG	2020-05-04	0	0
VG	2020-05-03	0	0
VG	2020-05-02	0	0
VG	2020-05-01	0	0
VG	2020-04-30	0	0
VG	2020-04-29	0	0
VG	2020-04-28	0	0
VG	2020-04-27	0	0
VG	2020-04-26	0	0
VG	2020-04-25	1	0
VG	2020-04-24	0	0
VG	2020-04-23	0	0
VG	2020-04-22	0	0
VG	2020-04-21	1	0
VG	2020-04-20	1	1
VG	2020-04-19	0	0
VG	2020-04-18	0	0
VG	2020-04-17	0	0
VG	2020-04-16	0	0
VG	2020-04-15	0	0
VG	2020-04-14	0	0
VG	2020-04-13	0	0
VG	2020-04-12	0	0
VG	2020-04-11	0	0
VG	2020-04-10	0	0
VG	2020-04-09	0	0
VG	2020-04-08	0	0
VG	2020-04-07	0	0
VG	2020-04-06	0	0
VG	2020-04-05	0	0
VG	2020-04-04	0	0
VG	2020-04-03	0	0
VG	2020-04-02	0	0
VG	2020-04-01	0	0
VG	2020-03-31	1	0
VG	2020-03-30	0	0
VG	2020-03-29	0	0
VG	2020-03-28	0	0
VG	2020-03-27	2	0
BN	2020-06-14	0	0
BN	2020-06-13	0	0
BN	2020-06-12	0	0
BN	2020-06-11	0	0
BN	2020-06-10	0	0
BN	2020-06-09	0	0
BN	2020-06-08	0	0
BN	2020-06-07	0	0
BN	2020-06-06	0	0
BN	2020-06-05	0	0
BN	2020-06-04	0	0
BN	2020-06-03	0	0
BN	2020-06-02	0	0
BN	2020-06-01	0	0
BN	2020-05-31	0	0
BN	2020-05-30	0	0
BN	2020-05-29	0	0
BN	2020-05-28	0	1
BN	2020-05-27	0	0
BN	2020-05-26	0	0
BN	2020-05-25	0	0
BN	2020-05-24	0	0
BN	2020-05-23	0	0
BN	2020-05-22	0	0
BN	2020-05-21	0	0
BN	2020-05-20	0	0
BN	2020-05-19	0	0
BN	2020-05-18	0	0
BN	2020-05-17	0	0
BN	2020-05-16	0	0
BN	2020-05-15	0	0
BN	2020-05-14	0	0
BN	2020-05-13	0	0
BN	2020-05-12	0	0
BN	2020-05-11	0	0
BN	2020-05-10	0	0
BN	2020-05-09	0	0
BN	2020-05-08	2	0
BN	2020-05-07	1	0
BN	2020-05-06	0	0
BN	2020-05-05	0	0
BN	2020-05-04	0	0
BN	2020-05-03	0	0
BN	2020-05-02	0	0
BN	2020-05-01	0	0
BN	2020-04-30	0	0
BN	2020-04-29	0	0
BN	2020-04-28	0	0
BN	2020-04-27	0	0
BN	2020-04-26	0	0
BN	2020-04-25	0	0
BN	2020-04-24	0	0
BN	2020-04-23	0	0
BN	2020-04-22	0	0
BN	2020-04-21	0	0
BN	2020-04-20	1	0
BN	2020-04-19	1	0
BN	2020-04-18	0	0
BN	2020-04-17	0	0
BN	2020-04-16	0	0
BN	2020-04-15	0	0
BN	2020-04-14	0	0
BN	2020-04-13	0	0
BN	2020-04-12	0	0
BN	2020-04-11	1	0
BN	2020-04-10	0	0
BN	2020-04-09	0	0
BN	2020-04-08	0	0
BN	2020-04-07	0	0
BN	2020-04-06	0	0
BN	2020-04-05	2	0
BN	2020-04-04	0	0
BN	2020-04-03	2	0
BN	2020-04-02	2	0
BN	2020-04-01	2	0
BN	2020-03-31	1	0
BN	2020-03-30	6	0
BN	2020-03-29	5	1
BN	2020-03-28	1	0
BN	2020-03-27	7	0
BN	2020-03-26	3	0
BN	2020-03-25	13	0
BN	2020-03-24	3	0
BN	2020-03-23	5	0
BN	2020-03-22	5	0
BN	2020-03-21	5	0
BN	2020-03-20	5	0
BN	2020-03-19	12	0
BN	2020-03-18	2	0
BN	2020-03-17	4	0
BN	2020-03-16	10	0
BN	2020-03-15	3	0
BN	2020-03-14	12	0
BN	2020-03-13	14	0
BN	2020-03-12	10	0
BN	2020-03-10	1	0
BG	2020-06-14	75	0
BG	2020-06-13	105	4
BG	2020-06-12	197	1
BG	2020-06-11	0	0
BG	2020-06-10	79	3
BG	2020-06-09	83	4
BG	2020-06-08	16	0
BG	2020-06-07	43	0
BG	2020-06-06	83	13
BG	2020-06-05	0	0
BG	2020-06-04	47	3
BG	2020-06-03	25	0
BG	2020-06-02	0	4
BG	2020-06-01	0	0
BG	2020-05-31	14	1
BG	2020-05-30	14	3
BG	2020-05-29	25	3
BG	2020-05-28	0	0
BG	2020-05-27	27	3
BG	2020-05-26	0	0
BG	2020-05-25	25	4
BG	2020-05-24	0	0
BG	2020-05-23	36	1
BG	2020-05-22	41	5
BG	2020-05-21	39	4
BG	2020-05-20	33	4
BG	2020-05-19	24	2
BG	2020-05-18	24	2
BG	2020-05-17	73	6
BG	2020-05-16	38	3
BG	2020-05-15	31	3
BG	2020-05-14	46	1
BG	2020-05-13	33	2
BG	2020-05-12	25	2
BG	2020-05-11	10	1
BG	2020-05-10	44	2
BG	2020-05-09	82	4
BG	2020-05-08	51	0
BG	2020-05-07	89	6
BG	2020-05-06	37	0
BG	2020-05-05	34	5
BG	2020-05-04	24	1
BG	2020-05-03	6	3
BG	2020-05-02	82	3
BG	2020-05-01	59	2
BG	2020-04-30	48	6
BG	2020-04-29	36	0
BG	2020-04-28	63	2
BG	2020-04-27	53	1
BG	2020-04-26	59	1
BG	2020-04-25	91	2
BG	2020-04-24	73	3
BG	2020-04-23	49	4
BG	2020-04-22	46	2
BG	2020-04-21	14	0
BG	2020-04-20	37	2
BG	2020-04-19	32	0
BG	2020-04-18	46	3
BG	2020-04-17	53	2
BG	2020-04-16	34	1
BG	2020-04-15	28	3
BG	2020-04-14	10	3
BG	2020-04-13	14	1
BG	2020-04-12	26	3
BG	2020-04-11	11	1
BG	2020-04-10	31	0
BG	2020-04-09	16	1
BG	2020-04-08	28	1
BG	2020-04-07	18	2
BG	2020-04-06	28	3
BG	2020-04-05	18	3
BG	2020-04-04	28	4
BG	2020-04-03	35	0
BG	2020-04-02	23	2
BG	2020-04-01	40	0
BG	2020-03-31	13	0
BG	2020-03-30	15	1
BG	2020-03-29	38	4
BG	2020-03-28	29	0
BG	2020-03-27	22	0
BG	2020-03-26	22	0
BG	2020-03-25	19	0
BG	2020-03-24	16	0
BG	2020-03-23	22	0
BG	2020-03-22	36	0
BG	2020-03-21	22	0
BG	2020-03-20	13	1
BG	2020-03-19	11	0
BG	2020-03-18	19	0
BG	2020-03-17	11	0
BG	2020-03-16	10	0
BG	2020-03-15	10	1
BG	2020-03-14	8	0
BG	2020-03-13	16	0
BG	2020-03-12	3	1
BG	2020-03-09	2	0
BG	2020-03-08	2	0
BF	2020-06-14	2	0
BF	2020-06-13	0	0
BF	2020-06-12	1	0
BF	2020-06-11	0	0
BF	2020-06-10	1	0
BF	2020-06-09	1	0
BF	2020-06-08	1	0
BF	2020-06-07	0	0
BF	2020-06-06	3	0
BF	2020-06-05	1	0
BF	2020-06-04	1	0
BF	2020-06-03	2	0
BF	2020-06-02	0	0
BF	2020-06-01	28	0
BF	2020-05-31	6	0
BF	2020-05-30	0	0
BF	2020-05-29	2	0
BF	2020-05-28	0	0
BF	2020-05-27	4	1
BF	2020-05-26	9	0
BF	2020-05-25	18	0
BF	2020-05-24	0	0
BF	2020-05-23	2	0
BF	2020-05-22	3	0
BF	2020-05-21	3	0
BF	2020-05-20	10	1
BF	2020-05-19	0	0
BF	2020-05-18	14	0
BF	2020-05-17	0	0
BF	2020-05-16	9	0
BF	2020-05-15	0	0
BF	2020-05-14	7	0
BF	2020-05-13	6	1
BF	2020-05-12	9	1
BF	2020-05-11	3	1
BF	2020-05-10	4	0
BF	2020-05-09	8	0
BF	2020-05-08	7	0
BF	2020-05-07	41	0
BF	2020-05-06	16	2
BF	2020-05-05	10	1
BF	2020-05-04	10	1
BF	2020-05-03	3	0
BF	2020-05-02	4	1
BF	2020-05-01	4	0
BF	2020-04-30	3	1
BF	2020-04-29	3	0
BF	2020-04-28	3	0
BF	2020-04-27	3	1
BF	2020-04-26	3	0
BF	2020-04-25	10	0
BF	2020-04-24	7	2
BF	2020-04-23	9	1
BF	2020-04-22	19	0
BF	2020-04-21	5	2
BF	2020-04-20	11	0
BF	2020-04-19	8	1
BF	2020-04-18	14	3
BF	2020-04-17	1	0
BF	2020-04-16	14	2
BF	2020-04-15	13	2
BF	2020-04-14	18	1
BF	2020-04-13	13	0
BF	2020-04-12	36	1
BF	2020-04-11	5	2
BF	2020-04-10	29	1
BF	2020-04-09	30	4
BF	2020-04-08	20	2
BF	2020-04-07	19	0
BF	2020-04-06	43	1
BF	2020-04-05	14	0
BF	2020-04-04	0	0
BF	2020-04-03	27	2
BF	2020-04-02	15	2
BF	2020-04-01	24	0
BF	2020-03-31	42	3
BF	2020-03-30	0	0
BF	2020-03-29	34	6
BF	2020-03-28	0	0
BF	2020-03-27	32	0
BF	2020-03-26	15	0
BF	2020-03-25	24	0
BF	2020-03-24	11	0
BF	2020-03-23	0	0
BF	2020-03-22	24	2
BF	2020-03-21	7	0
BF	2020-03-20	7	0
BF	2020-03-19	6	1
BF	2020-03-18	0	0
BF	2020-03-17	17	0
BF	2020-03-16	0	0
BF	2020-03-15	1	0
BF	2020-03-12	0	0
BF	2020-03-11	2	0
BI	2020-06-14	0	0
BI	2020-06-13	0	0
BI	2020-06-12	11	0
BI	2020-06-11	0	0
BI	2020-06-10	0	0
BI	2020-06-09	0	0
BI	2020-06-08	0	0
BI	2020-06-07	20	0
BI	2020-06-06	0	0
BI	2020-06-05	0	0
BI	2020-06-04	0	0
BI	2020-06-03	0	0
BI	2020-06-02	0	0
BI	2020-06-01	21	0
BI	2020-05-31	0	0
BI	2020-05-30	0	0
BI	2020-05-29	0	0
BI	2020-05-28	0	0
BI	2020-05-27	0	0
BI	2020-05-26	0	0
BI	2020-05-25	0	0
BI	2020-05-24	0	0
BI	2020-05-23	0	0
BI	2020-05-22	0	0
BI	2020-05-21	0	0
BI	2020-05-20	0	0
BI	2020-05-19	0	0
BI	2020-05-18	15	0
BI	2020-05-17	0	0
BI	2020-05-16	0	0
BI	2020-05-15	0	0
BI	2020-05-14	0	0
BI	2020-05-13	8	0
BI	2020-05-12	0	0
BI	2020-05-11	0	0
BI	2020-05-10	0	0
BI	2020-05-09	0	0
BI	2020-05-08	0	0
BI	2020-05-07	0	0
BI	2020-05-06	0	0
BI	2020-05-05	0	0
BI	2020-05-04	0	0
BI	2020-05-03	4	0
BI	2020-05-02	0	0
BI	2020-05-01	0	0
BI	2020-04-30	0	0
BI	2020-04-29	0	0
BI	2020-04-28	0	0
BI	2020-04-27	0	0
BI	2020-04-26	3	0
BI	2020-04-25	1	0
BI	2020-04-24	0	0
BI	2020-04-23	5	0
BI	2020-04-22	0	0
BI	2020-04-21	0	0
BI	2020-04-20	0	0
BI	2020-04-19	0	0
BI	2020-04-18	1	0
BI	2020-04-17	0	0
BI	2020-04-16	0	0
BI	2020-04-15	0	1
BI	2020-04-14	0	0
BI	2020-04-13	0	0
BI	2020-04-12	2	0
BI	2020-04-11	0	0
BI	2020-04-10	0	0
BI	2020-04-09	0	0
BI	2020-04-08	0	0
BI	2020-04-07	0	0
BI	2020-04-06	0	0
BI	2020-04-05	0	0
BI	2020-04-04	0	0
BI	2020-04-03	1	0
BI	2020-04-02	0	0
BI	2020-04-01	2	0
KH	2020-06-14	2	0
KH	2020-06-13	0	0
KH	2020-06-12	0	0
KH	2020-06-11	0	0
KH	2020-06-10	0	0
KH	2020-06-09	0	0
KH	2020-06-08	1	0
KH	2020-06-07	0	0
KH	2020-06-06	0	0
KH	2020-06-05	0	0
KH	2020-06-04	0	0
KH	2020-06-03	0	0
KH	2020-06-02	0	0
KH	2020-06-01	0	0
KH	2020-05-31	0	0
KH	2020-05-30	1	0
KH	2020-05-29	0	0
KH	2020-05-28	0	0
KH	2020-05-27	0	0
KH	2020-05-26	0	0
KH	2020-05-25	0	0
KH	2020-05-24	0	0
KH	2020-05-23	1	0
KH	2020-05-22	1	0
KH	2020-05-21	0	0
KH	2020-05-20	0	0
KH	2020-05-19	0	0
KH	2020-05-18	0	0
KH	2020-05-17	0	0
KH	2020-05-16	0	0
KH	2020-05-15	0	0
KH	2020-05-14	0	0
KH	2020-05-13	0	0
KH	2020-05-12	0	0
KH	2020-05-11	0	0
KH	2020-05-10	0	0
KH	2020-05-09	0	0
KH	2020-05-08	0	0
KH	2020-05-07	0	0
KH	2020-05-06	0	0
KH	2020-05-05	0	0
KH	2020-05-04	0	0
KH	2020-05-03	0	0
KH	2020-05-02	0	0
KH	2020-05-01	0	0
KH	2020-04-30	0	0
KH	2020-04-29	0	0
KH	2020-04-28	0	0
KH	2020-04-27	0	0
KH	2020-04-26	0	0
KH	2020-04-25	0	0
KH	2020-04-24	0	0
KH	2020-04-23	0	0
KH	2020-04-22	0	0
KH	2020-04-21	0	0
KH	2020-04-20	0	0
KH	2020-04-19	0	0
KH	2020-04-18	0	0
KH	2020-04-17	0	0
KH	2020-04-16	0	0
KH	2020-04-15	0	0
KH	2020-04-14	0	0
KH	2020-04-13	0	0
KH	2020-04-12	2	0
KH	2020-04-11	1	0
KH	2020-04-10	1	0
KH	2020-04-09	1	0
KH	2020-04-08	2	0
KH	2020-04-07	1	0
KH	2020-04-06	0	0
KH	2020-04-05	0	0
KH	2020-04-04	0	0
KH	2020-04-03	4	0
KH	2020-04-02	1	0
KH	2020-04-01	0	0
KH	2020-03-31	2	0
KH	2020-03-30	4	0
KH	2020-03-29	1	0
KH	2020-03-28	4	0
KH	2020-03-27	2	0
KH	2020-03-26	5	0
KH	2020-03-25	4	0
KH	2020-03-24	1	0
KH	2020-03-23	35	0
KH	2020-03-22	4	0
KH	2020-03-21	23	0
KH	2020-03-20	0	0
KH	2020-03-19	0	0
KH	2020-03-18	0	0
KH	2020-03-17	12	0
KH	2020-03-16	5	0
KH	2020-03-15	2	0
KH	2020-03-13	2	0
KH	2020-03-12	1	0
KH	2020-03-08	1	0
KH	2020-03-02	0	0
KH	2020-03-01	0	0
KH	2020-02-29	0	0
KH	2020-02-28	0	0
KH	2020-02-27	0	0
KH	2020-02-26	0	0
KH	2020-02-25	0	0
KH	2020-02-24	0	0
KH	2020-02-23	0	0
KH	2020-02-22	0	0
KH	2020-02-21	0	0
KH	2020-02-20	0	0
KH	2020-02-19	0	0
KH	2020-02-18	0	0
KH	2020-02-17	0	0
KH	2020-02-16	0	0
KH	2020-02-15	0	0
KH	2020-02-14	0	0
KH	2020-02-13	0	0
KH	2020-02-12	0	0
KH	2020-02-11	0	0
KH	2020-02-10	0	0
KH	2020-02-09	0	0
KH	2020-02-08	0	0
KH	2020-02-07	0	0
KH	2020-02-06	0	0
KH	2020-02-05	0	0
KH	2020-02-04	0	0
KH	2020-02-03	0	0
KH	2020-02-02	0	0
KH	2020-02-01	0	0
KH	2020-01-31	0	0
KH	2020-01-30	0	0
KH	2020-01-29	0	0
KH	2020-01-28	1	0
KH	2020-01-27	0	0
KH	2020-01-26	0	0
KH	2020-01-25	0	0
KH	2020-01-24	0	0
KH	2020-01-23	0	0
KH	2020-01-22	0	0
KH	2020-01-21	0	0
KH	2020-01-20	0	0
KH	2020-01-19	0	0
KH	2020-01-18	0	0
KH	2020-01-17	0	0
KH	2020-01-16	0	0
KH	2020-01-15	0	0
KH	2020-01-14	0	0
KH	2020-01-13	0	0
KH	2020-01-12	0	0
KH	2020-01-11	0	0
KH	2020-01-10	0	0
KH	2020-01-09	0	0
KH	2020-01-08	0	0
KH	2020-01-07	0	0
KH	2020-01-06	0	0
KH	2020-01-05	0	0
KH	2020-01-04	0	0
KH	2020-01-03	0	0
KH	2020-01-02	0	0
KH	2020-01-01	0	0
KH	2019-12-31	0	0
CM	2020-06-14	376	2
CM	2020-06-13	267	59
CM	2020-06-12	0	0
CM	2020-06-11	248	6
CM	2020-06-10	369	0
CM	2020-06-09	404	5
CM	2020-06-08	309	0
CM	2020-06-07	0	0
CM	2020-06-06	810	0
CM	2020-06-05	37	3
CM	2020-06-04	167	0
CM	2020-06-03	188	1
CM	2020-06-02	493	8
CM	2020-06-01	0	0
CM	2020-05-31	468	14
CM	2020-05-30	80	0
CM	2020-05-29	0	0
CM	2020-05-28	0	2
CM	2020-05-27	312	4
CM	2020-05-26	154	6
CM	2020-05-25	293	6
CM	2020-05-24	197	0
CM	2020-05-23	112	3
CM	2020-05-22	555	10
CM	2020-05-21	204	6
CM	2020-05-20	237	0
CM	2020-05-19	0	0
CM	2020-05-18	0	0
CM	2020-05-17	187	0
CM	2020-05-16	151	1
CM	2020-05-15	154	3
CM	2020-05-14	111	11
CM	2020-05-13	0	0
CM	2020-05-12	110	11
CM	2020-05-11	305	6
CM	2020-05-10	9	0
CM	2020-05-09	0	0
CM	2020-05-08	0	0
CM	2020-05-07	161	44
CM	2020-05-06	0	0
CM	2020-05-05	27	0
CM	2020-05-04	0	0
CM	2020-05-03	8	3
CM	2020-05-02	237	0
CM	2020-05-01	0	0
CM	2020-04-30	26	2
CM	2020-04-29	185	1
CM	2020-04-28	0	2
CM	2020-04-27	103	3
CM	2020-04-26	115	4
CM	2020-04-25	2	0
CM	2020-04-24	238	6
CM	2020-04-23	0	1
CM	2020-04-22	146	0
CM	2020-04-21	1	0
CM	2020-04-20	0	21
CM	2020-04-19	0	0
CM	2020-04-18	161	0
CM	2020-04-17	0	4
CM	2020-04-16	0	0
CM	2020-04-15	35	5
CM	2020-04-14	0	0
CM	2020-04-13	0	1
CM	2020-04-12	17	1
CM	2020-04-11	73	0
CM	2020-04-10	0	0
CM	2020-04-09	45	1
CM	2020-04-08	27	0
CM	2020-04-07	8	0
CM	2020-04-06	95	0
CM	2020-04-05	46	1
CM	2020-04-04	238	1
CM	2020-04-03	38	1
CM	2020-04-02	40	0
CM	2020-04-01	51	4
CM	2020-03-31	43	0
CM	2020-03-30	0	0
CM	2020-03-29	11	1
CM	2020-03-28	0	0
CM	2020-03-27	16	0
CM	2020-03-26	0	0
CM	2020-03-25	16	1
CM	2020-03-24	29	0
CM	2020-03-23	0	0
CM	2020-03-22	0	0
CM	2020-03-21	13	0
CM	2020-03-20	4	0
CM	2020-03-19	0	0
CM	2020-03-18	6	0
CM	2020-03-17	0	0
CM	2020-03-16	1	0
CM	2020-03-15	1	0
CM	2020-03-09	1	0
CM	2020-03-07	1	0
CA	2020-06-14	467	58
CA	2020-06-13	413	55
CA	2020-06-12	405	34
CA	2020-06-11	472	63
CA	2020-06-10	409	62
CA	2020-06-09	545	35
CA	2020-06-08	642	27
CA	2020-06-07	722	70
CA	2020-06-06	609	66
CA	2020-06-05	641	139
CA	2020-06-04	675	103
CA	2020-06-03	705	69
CA	2020-06-02	758	31
CA	2020-06-01	757	222
CA	2020-05-31	772	94
CA	2020-05-30	906	102
CA	2020-05-29	993	112
CA	2020-05-28	872	126
CA	2020-05-27	936	94
CA	2020-05-26	1012	121
CA	2020-05-25	1078	69
CA	2020-05-24	1141	105
CA	2020-05-23	1156	98
CA	2020-05-22	1222	122
CA	2020-05-21	990	118
CA	2020-05-20	1040	70
CA	2020-05-19	1070	60
CA	2020-05-18	1138	103
CA	2020-05-17	1251	117
CA	2020-05-16	1201	90
CA	2020-05-15	1123	168
CA	2020-05-14	1121	135
CA	2020-05-13	1176	176
CA	2020-05-12	1133	122
CA	2020-05-11	1146	178
CA	2020-05-10	1268	124
CA	2020-05-09	1512	161
CA	2020-05-08	1426	176
CA	2020-05-07	1450	189
CA	2020-05-06	1274	189
CA	2020-05-05	1298	172
CA	2020-05-04	2760	116
CA	2020-05-03	1653	175
CA	2020-05-02	1825	207
CA	2020-05-01	1649	188
CA	2020-04-30	1572	137
CA	2020-04-29	1526	152
CA	2020-04-28	1605	147
CA	2020-04-27	1543	95
CA	2020-04-26	1464	163
CA	2020-04-25	1778	156
CA	2020-04-24	1920	172
CA	2020-04-23	1766	140
CA	2020-04-22	1590	144
CA	2020-04-21	2046	110
CA	2020-04-20	1436	113
CA	2020-04-19	1469	158
CA	2020-04-18	1791	116
CA	2020-04-17	1717	183
CA	2020-04-16	1318	107
CA	2020-04-15	1383	123
CA	2020-04-14	1298	63
CA	2020-04-13	1064	64
CA	2020-04-12	1168	84
CA	2020-04-11	1385	60
CA	2020-04-10	1474	74
CA	2020-04-09	1391	55
CA	2020-04-08	1230	57
CA	2020-04-07	1157	43
CA	2020-04-06	1614	49
CA	2020-04-05	1363	44
CA	2020-04-04	1251	49
CA	2020-04-03	1673	29
CA	2020-04-02	1059	13
CA	2020-04-01	1112	7
CA	2020-03-31	1169	28
CA	2020-03-30	869	1
CA	2020-03-29	711	7
CA	2020-03-28	657	14
CA	2020-03-27	633	4
CA	2020-03-26	1426	8
CA	2020-03-25	313	3
CA	2020-03-24	216	4
CA	2020-03-23	128	2
CA	2020-03-22	331	6
CA	2020-03-21	125	2
CA	2020-03-20	156	1
CA	2020-03-19	121	1
CA	2020-03-18	145	4
CA	2020-03-17	120	3
CA	2020-03-16	60	0
CA	2020-03-15	68	0
CA	2020-03-14	38	0
CA	2020-03-13	35	0
CA	2020-03-12	10	0
CA	2020-03-11	16	0
CA	2020-03-10	15	1
CA	2020-03-09	5	0
CA	2020-03-08	6	0
CA	2020-03-07	6	0
CA	2020-03-06	12	0
CA	2020-03-05	3	0
CA	2020-03-04	3	0
CA	2020-03-03	3	0
CA	2020-03-02	4	0
CA	2020-03-01	4	0
CA	2020-02-29	2	0
CA	2020-02-28	2	0
CA	2020-02-27	1	0
CA	2020-02-26	0	0
CA	2020-02-25	2	0
CA	2020-02-24	0	0
CA	2020-02-23	0	0
CA	2020-02-22	0	0
CA	2020-02-21	1	0
CA	2020-02-20	0	0
CA	2020-02-19	0	0
CA	2020-02-18	0	0
CA	2020-02-17	0	0
CA	2020-02-16	0	0
CA	2020-02-15	1	0
CA	2020-02-14	0	0
CA	2020-02-13	0	0
CA	2020-02-12	0	0
CA	2020-02-11	0	0
CA	2020-02-10	0	0
CA	2020-02-09	0	0
CA	2020-02-08	0	0
CA	2020-02-07	2	0
CA	2020-02-06	0	0
CA	2020-02-05	1	0
CA	2020-02-04	0	0
CA	2020-02-03	0	0
CA	2020-02-02	0	0
CA	2020-02-01	1	0
CA	2020-01-31	0	0
CA	2020-01-30	0	0
CA	2020-01-29	1	0
CA	2020-01-28	1	0
CA	2020-01-27	0	0
CA	2020-01-26	1	0
CA	2020-01-25	0	0
CA	2020-01-24	0	0
CA	2020-01-23	0	0
CA	2020-01-22	0	0
CA	2020-01-21	0	0
CA	2020-01-20	0	0
CA	2020-01-19	0	0
CA	2020-01-18	0	0
CA	2020-01-17	0	0
CA	2020-01-16	0	0
CA	2020-01-15	0	0
CA	2020-01-14	0	0
CA	2020-01-13	0	0
CA	2020-01-12	0	0
CA	2020-01-11	0	0
CA	2020-01-10	0	0
CA	2020-01-09	0	0
CA	2020-01-08	0	0
CA	2020-01-07	0	0
CA	2020-01-06	0	0
CA	2020-01-05	0	0
CA	2020-01-04	0	0
CA	2020-01-03	0	0
CA	2020-01-02	0	0
CA	2020-01-01	0	0
CA	2019-12-31	0	0
CV	2020-06-14	29	0
CV	2020-06-13	40	0
CV	2020-06-12	42	1
CV	2020-06-11	30	0
CV	2020-06-10	18	0
CV	2020-06-09	13	0
CV	2020-06-08	12	0
CV	2020-06-07	6	0
CV	2020-06-06	34	0
CV	2020-06-05	25	0
CV	2020-06-04	11	0
CV	2020-06-03	8	1
CV	2020-06-02	23	0
CV	2020-06-01	14	0
CV	2020-05-31	16	0
CV	2020-05-30	15	0
CV	2020-05-29	0	0
CV	2020-05-28	0	0
CV	2020-05-27	0	1
CV	2020-05-26	10	0
CV	2020-05-25	9	0
CV	2020-05-24	9	0
CV	2020-05-23	6	0
CV	2020-05-22	7	0
CV	2020-05-21	14	0
CV	2020-05-20	7	0
CV	2020-05-19	0	0
CV	2020-05-18	0	0
CV	2020-05-17	2	1
CV	2020-05-16	11	0
CV	2020-05-15	26	0
CV	2020-05-14	19	0
CV	2020-05-13	10	0
CV	2020-05-12	14	0
CV	2020-05-11	10	0
CV	2020-05-10	6	0
CV	2020-05-09	12	0
CV	2020-05-08	27	0
CV	2020-05-07	5	0
CV	2020-05-06	11	0
CV	2020-05-05	10	0
CV	2020-05-04	13	0
CV	2020-05-03	29	0
CV	2020-05-02	2	1
CV	2020-05-01	8	0
CV	2020-04-30	0	0
CV	2020-04-29	4	0
CV	2020-04-28	3	0
CV	2020-04-27	16	0
CV	2020-04-26	2	0
CV	2020-04-25	6	0
CV	2020-04-24	9	0
CV	2020-04-23	6	0
CV	2020-04-22	0	0
CV	2020-04-21	6	0
CV	2020-04-20	3	0
CV	2020-04-19	2	0
CV	2020-04-18	1	0
CV	2020-04-17	0	0
CV	2020-04-16	44	0
CV	2020-04-15	1	0
CV	2020-04-14	0	0
CV	2020-04-13	2	0
CV	2020-04-12	1	0
CV	2020-04-11	0	0
CV	2020-04-10	0	0
CV	2020-04-09	0	0
CV	2020-04-08	0	0
CV	2020-04-07	0	0
CV	2020-04-06	0	0
CV	2020-04-05	1	0
CV	2020-04-04	0	0
CV	2020-04-03	0	0
CV	2020-04-02	0	0
CV	2020-04-01	1	0
CV	2020-03-31	0	0
CV	2020-03-30	0	0
CV	2020-03-29	0	0
CV	2020-03-28	0	0
CV	2020-03-27	1	0
CV	2020-03-26	1	0
CV	2020-03-25	0	1
CV	2020-03-24	0	0
CV	2020-03-23	0	0
CV	2020-03-22	1	0
CV	2020-03-21	2	0
KY	2020-06-14	0	0
KY	2020-06-13	7	0
KY	2020-06-12	0	0
KY	2020-06-11	4	0
KY	2020-06-10	5	0
KY	2020-06-09	7	0
KY	2020-06-08	0	0
KY	2020-06-07	0	0
KY	2020-06-06	4	0
KY	2020-06-05	4	0
KY	2020-06-04	5	0
KY	2020-06-03	1	0
KY	2020-06-02	9	0
KY	2020-06-01	0	0
KY	2020-05-31	0	0
KY	2020-05-30	1	0
KY	2020-05-29	0	0
KY	2020-05-28	3	0
KY	2020-05-27	3	0
KY	2020-05-26	5	0
KY	2020-05-25	0	0
KY	2020-05-24	8	0
KY	2020-05-23	10	0
KY	2020-05-22	0	0
KY	2020-05-21	0	0
KY	2020-05-20	17	0
KY	2020-05-19	0	0
KY	2020-05-18	0	0
KY	2020-05-17	1	0
KY	2020-05-16	0	0
KY	2020-05-15	8	0
KY	2020-05-14	0	0
KY	2020-05-13	1	0
KY	2020-05-12	3	0
KY	2020-05-11	0	0
KY	2020-05-10	0	0
KY	2020-05-09	3	0
KY	2020-05-08	0	0
KY	2020-05-07	3	0
KY	2020-05-06	0	0
KY	2020-05-05	1	0
KY	2020-05-04	0	0
KY	2020-05-03	0	0
KY	2020-05-02	1	0
KY	2020-05-01	0	0
KY	2020-04-30	3	0
KY	2020-04-29	0	0
KY	2020-04-28	0	0
KY	2020-04-27	0	0
KY	2020-04-26	4	0
KY	2020-04-25	0	0
KY	2020-04-24	0	0
KY	2020-04-23	0	0
KY	2020-04-22	0	0
KY	2020-04-21	5	0
KY	2020-04-20	0	0
KY	2020-04-19	0	0
KY	2020-04-18	0	0
KY	2020-04-17	1	0
KY	2020-04-16	6	0
KY	2020-04-15	1	0
KY	2020-04-14	0	0
KY	2020-04-13	0	0
KY	2020-04-12	8	0
KY	2020-04-11	0	0
KY	2020-04-10	0	0
KY	2020-04-09	0	0
KY	2020-04-08	6	0
KY	2020-04-07	0	0
KY	2020-04-06	4	0
KY	2020-04-05	6	0
KY	2020-04-04	1	0
KY	2020-04-03	6	0
KY	2020-04-02	8	0
KY	2020-04-01	2	0
KY	2020-03-31	4	0
KY	2020-03-30	0	0
KY	2020-03-29	0	0
KY	2020-03-28	2	0
KY	2020-03-27	3	0
KY	2020-03-26	0	0
KY	2020-03-25	0	0
KY	2020-03-24	0	0
KY	2020-03-23	0	0
KY	2020-03-22	0	0
KY	2020-03-21	2	1
KY	2020-03-20	1	0
CF	2020-06-14	0	0
CF	2020-06-13	13	0
CF	2020-06-12	92	1
CF	2020-06-11	64	1
CF	2020-06-10	38	0
CF	2020-06-09	216	0
CF	2020-06-08	64	0
CF	2020-06-07	119	1
CF	2020-06-06	163	0
CF	2020-06-05	99	0
CF	2020-06-04	16	0
CF	2020-06-03	104	0
CF	2020-06-02	58	2
CF	2020-06-01	49	1
CF	2020-05-31	88	0
CF	2020-05-30	119	0
CF	2020-05-29	53	0
CF	2020-05-28	31	0
CF	2020-05-27	19	0
CF	2020-05-26	48	0
CF	2020-05-25	52	0
CF	2020-05-24	73	1
CF	2020-05-23	43	0
CF	2020-05-22	25	0
CF	2020-05-21	0	0
CF	2020-05-20	75	0
CF	2020-05-19	9	0
CF	2020-05-18	0	0
CF	2020-05-17	26	0
CF	2020-05-16	80	0
CF	2020-05-15	24	0
CF	2020-05-14	18	0
CF	2020-05-13	0	0
CF	2020-05-12	0	0
CF	2020-05-11	36	0
CF	2020-05-10	0	0
CF	2020-05-09	49	0
CF	2020-05-08	0	0
CF	2020-05-07	0	0
CF	2020-05-06	0	0
CF	2020-05-05	22	0
CF	2020-05-04	0	0
CF	2020-05-03	0	0
CF	2020-05-02	22	0
CF	2020-05-01	0	0
CF	2020-04-30	0	0
CF	2020-04-29	0	0
CF	2020-04-28	31	0
CF	2020-04-27	0	0
CF	2020-04-26	0	0
CF	2020-04-25	2	0
CF	2020-04-24	1	0
CF	2020-04-23	2	0
CF	2020-04-22	2	0
CF	2020-04-21	0	0
CF	2020-04-20	0	0
CF	2020-04-19	0	0
CF	2020-04-18	0	0
CF	2020-04-17	1	0
CF	2020-04-16	0	0
CF	2020-04-15	0	0
CF	2020-04-14	0	0
CF	2020-04-13	0	0
CF	2020-04-12	0	0
CF	2020-04-11	0	0
CF	2020-04-10	1	0
CF	2020-04-09	1	0
CF	2020-04-08	0	0
CF	2020-04-07	0	0
CF	2020-04-06	0	0
CF	2020-04-05	1	0
CF	2020-04-04	0	0
CF	2020-04-03	0	0
CF	2020-04-02	2	0
CF	2020-04-01	0	0
CF	2020-03-31	0	0
CF	2020-03-30	0	0
CF	2020-03-29	1	0
CF	2020-03-28	0	0
CF	2020-03-27	1	0
CF	2020-03-26	0	0
CF	2020-03-25	0	0
CF	2020-03-24	0	0
CF	2020-03-23	1	0
CF	2020-03-22	2	0
CF	2020-03-21	0	0
CF	2020-03-20	0	0
CF	2020-03-19	0	0
CF	2020-03-18	0	0
CF	2020-03-17	0	0
CF	2020-03-16	1	0
TD	2020-06-14	0	0
TD	2020-06-13	0	0
TD	2020-06-12	2	0
TD	2020-06-11	2	1
TD	2020-06-10	5	1
TD	2020-06-09	2	1
TD	2020-06-08	1	0
TD	2020-06-07	0	1
TD	2020-06-06	8	2
TD	2020-06-05	8	0
TD	2020-06-04	17	0
TD	2020-06-03	13	0
TD	2020-06-02	12	1
TD	2020-06-01	19	0
TD	2020-05-31	0	0
TD	2020-05-30	33	0
TD	2020-05-29	11	1
TD	2020-05-28	15	2
TD	2020-05-27	13	1
TD	2020-05-26	12	1
TD	2020-05-25	27	0
TD	2020-05-24	37	1
TD	2020-05-23	23	1
TD	2020-05-22	23	1
TD	2020-05-21	20	1
TD	2020-05-20	26	3
TD	2020-05-19	16	0
TD	2020-05-18	29	3
TD	2020-05-17	46	2
TD	2020-05-16	29	2
TD	2020-05-15	27	4
TD	2020-05-14	15	2
TD	2020-05-13	35	9
TD	2020-05-12	0	0
TD	2020-05-11	0	0
TD	2020-05-10	62	3
TD	2020-05-09	7	1
TD	2020-05-08	83	10
TD	2020-05-07	0	0
TD	2020-05-06	53	7
TD	2020-05-05	0	0
TD	2020-05-04	0	0
TD	2020-05-03	44	5
TD	2020-05-02	0	0
TD	2020-05-01	21	3
TD	2020-04-30	0	0
TD	2020-04-29	6	2
TD	2020-04-28	0	0
TD	2020-04-27	6	0
TD	2020-04-26	0	0
TD	2020-04-25	0	0
TD	2020-04-24	6	0
TD	2020-04-23	0	0
TD	2020-04-22	1	0
TD	2020-04-21	0	0
TD	2020-04-20	0	0
TD	2020-04-19	0	0
TD	2020-04-18	6	0
TD	2020-04-17	0	0
TD	2020-04-16	4	0
TD	2020-04-15	0	0
TD	2020-04-14	8	0
TD	2020-04-13	4	0
TD	2020-04-12	0	0
TD	2020-04-11	0	0
TD	2020-04-10	1	0
TD	2020-04-09	1	0
TD	2020-04-08	0	0
TD	2020-04-07	0	0
TD	2020-04-06	1	0
TD	2020-04-05	1	0
TD	2020-04-04	0	0
TD	2020-04-03	0	0
TD	2020-04-02	0	0
TD	2020-04-01	0	0
TD	2020-03-31	2	0
TD	2020-03-30	0	0
TD	2020-03-29	0	0
TD	2020-03-28	0	0
TD	2020-03-27	2	0
TD	2020-03-26	0	0
TD	2020-03-25	1	0
TD	2020-03-24	0	0
TD	2020-03-23	0	0
TD	2020-03-22	1	0
TD	2020-03-21	0	0
TD	2020-03-20	1	0
CL	2020-06-14	6509	231
CL	2020-06-13	6754	222
CL	2020-06-12	5596	173
CL	2020-06-11	5737	192
CL	2020-06-10	3913	19
CL	2020-06-09	4696	74
CL	2020-06-08	6405	649
CL	2020-06-07	5246	93
CL	2020-06-06	4207	92
CL	2020-06-05	4664	81
CL	2020-06-04	4942	87
CL	2020-06-03	3527	75
CL	2020-06-02	5471	59
CL	2020-06-01	4830	57
CL	2020-05-31	4220	53
CL	2020-05-30	3695	54
CL	2020-05-29	4654	49
CL	2020-05-28	4328	35
CL	2020-05-27	3964	45
CL	2020-05-26	4895	43
CL	2020-05-25	3709	45
CL	2020-05-24	3536	43
CL	2020-05-23	4276	41
CL	2020-05-22	3964	45
CL	2020-05-21	4038	35
CL	2020-05-20	3520	31
CL	2020-05-19	2278	28
CL	2020-05-18	2353	29
CL	2020-05-17	1886	27
CL	2020-05-16	2502	36
CL	2020-05-15	2659	12
CL	2020-05-14	2660	11
CL	2020-05-13	1658	12
CL	2020-05-12	1197	11
CL	2020-05-11	1647	8
CL	2020-05-10	1247	10
CL	2020-05-09	1391	9
CL	2020-05-08	1533	4
CL	2020-05-07	1032	6
CL	2020-05-06	1373	5
CL	2020-05-05	980	10
CL	2020-05-04	1228	13
CL	2020-05-03	1427	13
CL	2020-05-02	985	7
CL	2020-05-01	1138	11
CL	2020-04-30	520	9
CL	2020-04-29	552	9
CL	2020-04-28	482	9
CL	2020-04-27	473	8
CL	2020-04-26	552	7
CL	2020-04-25	494	6
CL	2020-04-24	516	8
CL	2020-04-23	464	13
CL	2020-04-22	325	8
CL	2020-04-21	419	6
CL	2020-04-20	358	7
CL	2020-04-19	478	10
CL	2020-04-18	445	11
CL	2020-04-17	534	11
CL	2020-04-16	356	2
CL	2020-04-15	392	10
CL	2020-04-14	312	2
CL	2020-04-13	286	7
CL	2020-04-12	426	8
CL	2020-04-11	529	8
CL	2020-04-10	426	9
CL	2020-04-09	430	5
CL	2020-04-08	301	6
CL	2020-04-07	344	3
CL	2020-04-06	310	7
CL	2020-04-05	424	5
CL	2020-04-04	333	4
CL	2020-04-03	373	2
CL	2020-04-02	293	4
CL	2020-04-01	289	4
CL	2020-03-31	310	1
CL	2020-03-30	230	1
CL	2020-03-29	299	1
CL	2020-03-28	304	1
CL	2020-03-27	164	1
CL	2020-03-26	220	1
CL	2020-03-25	176	0
CL	2020-03-24	114	1
CL	2020-03-23	95	1
CL	2020-03-22	103	0
CL	2020-03-21	92	0
CL	2020-03-20	104	0
CL	2020-03-19	37	0
CL	2020-03-18	45	0
CL	2020-03-17	81	0
CL	2020-03-16	14	0
CL	2020-03-15	18	0
CL	2020-03-14	10	0
CL	2020-03-13	10	0
CL	2020-03-12	6	0
CL	2020-03-11	4	0
CL	2020-03-10	3	0
CL	2020-03-09	5	0
CL	2020-03-07	1	0
CL	2020-03-06	1	0
CL	2020-03-05	2	0
CL	2020-03-04	1	0
CN	2020-06-14	60	0
CN	2020-06-13	12	0
CN	2020-06-12	7	0
CN	2020-06-11	11	0
CN	2020-06-10	4	0
CN	2020-06-09	3	0
CN	2020-06-08	5	0
CN	2020-06-07	9	0
CN	2020-06-06	6	0
CN	2020-06-05	11	0
CN	2020-06-04	1	0
CN	2020-06-03	5	0
CN	2020-06-02	7	0
CN	2020-06-01	19	0
CN	2020-05-31	5	0
CN	2020-05-30	17	0
CN	2020-05-29	0	0
CN	2020-05-28	3	0
CN	2020-05-27	1	0
CN	2020-05-26	7	0
CN	2020-05-25	11	0
CN	2020-05-24	3	0
CN	2020-05-23	2	0
CN	2020-05-22	12	0
CN	2020-05-21	2	0
CN	2020-05-20	2	0
CN	2020-05-19	9	0
CN	2020-05-18	10	0
CN	2020-05-17	6	1
CN	2020-05-16	9	0
CN	2020-05-15	5	0
CN	2020-05-14	6	0
CN	2020-05-13	7	0
CN	2020-05-12	1	0
CN	2020-05-11	19	0
CN	2020-05-10	15	0
CN	2020-05-09	0	0
CN	2020-05-08	6	0
CN	2020-05-07	2	0
CN	2020-05-06	2	0
CN	2020-05-05	2	0
CN	2020-05-04	3	0
CN	2020-05-03	2	0
CN	2020-05-02	3	0
CN	2020-05-01	12	0
CN	2020-04-30	4	0
CN	2020-04-29	2	0
CN	2020-04-28	26	0
CN	2020-04-27	3	1
CN	2020-04-26	10	0
CN	2020-04-25	15	0
CN	2020-04-24	8	0
CN	2020-04-23	12	0
CN	2020-04-22	15	0
CN	2020-04-21	32	0
CN	2020-04-20	14	0
CN	2020-04-19	18	0
CN	2020-04-18	31	0
CN	2020-04-17	352	1290
CN	2020-04-16	50	0
CN	2020-04-15	49	1
CN	2020-04-14	94	0
CN	2020-04-13	112	2
CN	2020-04-12	93	0
CN	2020-04-11	79	3
CN	2020-04-10	55	1
CN	2020-04-09	86	2
CN	2020-04-08	86	2
CN	2020-04-07	56	0
CN	2020-04-06	67	2
CN	2020-04-05	48	3
CN	2020-04-04	62	4
CN	2020-04-03	70	10
CN	2020-04-02	100	6
CN	2020-04-01	54	1
CN	2020-03-31	84	3
CN	2020-03-30	98	2
CN	2020-03-29	113	5
CN	2020-03-28	119	3
CN	2020-03-27	94	5
CN	2020-03-26	102	6
CN	2020-03-25	78	4
CN	2020-03-24	69	7
CN	2020-03-23	138	9
CN	2020-03-22	65	6
CN	2020-03-21	52	6
CN	2020-03-20	99	4
CN	2020-03-19	44	8
CN	2020-03-18	23	16
CN	2020-03-17	43	9
CN	2020-03-16	25	13
CN	2020-03-15	22	9
CN	2020-03-14	19	15
CN	2020-03-13	22	7
CN	2020-03-12	24	11
CN	2020-03-11	29	22
CN	2020-03-10	20	17
CN	2020-03-09	45	23
CN	2020-03-08	46	27
CN	2020-03-07	101	28
CN	2020-03-06	170	30
CN	2020-03-05	117	31
CN	2020-03-04	119	37
CN	2020-03-03	127	32
CN	2020-03-02	205	42
CN	2020-03-01	574	35
CN	2020-02-29	428	47
CN	2020-02-28	329	44
CN	2020-02-27	439	29
CN	2020-02-26	410	52
CN	2020-02-25	515	70
CN	2020-02-24	218	150
CN	2020-02-23	647	98
CN	2020-02-22	826	109
CN	2020-02-21	891	118
CN	2020-02-20	394	112
CN	2020-02-19	1750	139
CN	2020-02-18	1890	98
CN	2020-02-17	2052	105
CN	2020-02-16	2007	142
CN	2020-02-15	2538	143
CN	2020-02-14	4156	13
CN	2020-02-13	15141	254
CN	2020-02-12	2028	97
CN	2020-02-11	2490	108
CN	2020-02-10	2974	97
CN	2020-02-09	2607	89
CN	2020-02-08	3418	86
CN	2020-02-07	3160	73
CN	2020-02-06	3727	72
CN	2020-02-05	3872	66
CN	2020-02-04	3237	65
CN	2020-02-03	2812	57
CN	2020-02-02	2590	45
CN	2020-02-01	2095	46
CN	2020-01-31	1980	43
CN	2020-01-30	1740	38
CN	2020-01-29	1466	26
CN	2020-01-28	1753	25
CN	2020-01-27	787	25
CN	2020-01-26	665	15
CN	2020-01-25	441	15
CN	2020-01-24	259	9
CN	2020-01-23	97	0
CN	2020-01-22	140	11
CN	2020-01-21	151	3
CN	2020-01-20	19	0
CN	2020-01-19	136	1
CN	2020-01-18	17	0
CN	2020-01-17	4	0
CN	2020-01-16	0	0
CN	2020-01-15	0	1
CN	2020-01-14	0	0
CN	2020-01-13	0	0
CN	2020-01-12	0	0
CN	2020-01-11	0	1
CN	2020-01-10	0	0
CN	2020-01-09	0	0
CN	2020-01-08	0	0
CN	2020-01-07	0	0
CN	2020-01-06	0	0
CN	2020-01-05	15	0
CN	2020-01-04	0	0
CN	2020-01-03	17	0
CN	2020-01-02	0	0
CN	2020-01-01	0	0
CN	2019-12-31	27	0
CO	2020-06-14	1888	47
CO	2020-06-13	3176	112
CO	2020-06-12	0	0
CO	2020-06-11	1604	61
CO	2020-06-10	1359	64
CO	2020-06-09	1483	49
CO	2020-06-08	1209	54
CO	2020-06-07	1392	60
CO	2020-06-06	1515	58
CO	2020-06-05	1766	42
CO	2020-06-04	1521	36
CO	2020-06-03	1340	40
CO	2020-06-02	1110	30
CO	2020-06-01	1147	49
CO	2020-05-31	1548	37
CO	2020-05-30	1322	31
CO	2020-05-29	1262	19
CO	2020-05-28	1101	27
CO	2020-05-27	1022	26
CO	2020-05-26	806	23
CO	2020-05-25	998	22
CO	2020-05-24	1046	23
CO	2020-05-23	801	30
CO	2020-05-22	643	22
CO	2020-05-21	752	17
CO	2020-05-20	640	21
CO	2020-05-19	721	18
CO	2020-05-18	635	12
CO	2020-05-17	723	16
CO	2020-05-16	606	21
CO	2020-05-15	680	16
CO	2020-05-14	658	16
CO	2020-05-13	659	14
CO	2020-05-12	550	16
CO	2020-05-11	568	18
CO	2020-05-10	444	17
CO	2020-05-09	595	21
CO	2020-05-08	497	10
CO	2020-05-07	346	19
CO	2020-05-06	640	20
CO	2020-05-05	305	18
CO	2020-05-04	383	16
CO	2020-05-03	279	10
CO	2020-05-02	499	21
CO	2020-05-01	296	15
CO	2020-04-30	262	9
CO	2020-04-29	352	16
CO	2020-04-28	218	10
CO	2020-04-27	237	10
CO	2020-04-26	261	8
CO	2020-04-25	320	10
CO	2020-04-24	205	9
CO	2020-04-23	207	10
CO	2020-04-22	172	7
CO	2020-04-21	185	10
CO	2020-04-20	171	13
CO	2020-04-19	182	13
CO	2020-04-18	206	9
CO	2020-04-17	128	13
CO	2020-04-16	126	4
CO	2020-04-15	127	15
CO	2020-04-14	76	3
CO	2020-04-13	67	9
CO	2020-04-12	236	20
CO	2020-04-11	250	11
CO	2020-04-10	169	14
CO	2020-04-09	274	5
CO	2020-04-08	201	4
CO	2020-04-07	94	11
CO	2020-04-06	79	3
CO	2020-04-05	139	7
CO	2020-04-04	106	6
CO	2020-04-03	96	2
CO	2020-04-02	159	1
CO	2020-04-01	108	2
CO	2020-03-31	96	4
CO	2020-03-30	94	4
CO	2020-03-29	69	0
CO	2020-03-28	48	0
CO	2020-03-27	21	2
CO	2020-03-26	92	1
CO	2020-03-25	72	0
CO	2020-03-24	71	1
CO	2020-03-23	25	1
CO	2020-03-22	52	1
CO	2020-03-21	30	0
CO	2020-03-20	26	0
CO	2020-03-19	37	0
CO	2020-03-18	8	0
CO	2020-03-17	12	0
CO	2020-03-16	11	0
CO	2020-03-15	18	0
CO	2020-03-14	7	0
CO	2020-03-12	6	0
CO	2020-03-10	2	0
CO	2020-03-07	1	0
KM	2020-06-14	14	0
KM	2020-06-13	0	0
KM	2020-06-12	0	0
KM	2020-06-11	0	0
KM	2020-06-10	21	0
KM	2020-06-09	0	0
KM	2020-06-08	0	0
KM	2020-06-07	9	0
KM	2020-06-06	0	0
KM	2020-06-05	0	0
KM	2020-06-04	0	0
KM	2020-06-03	26	0
KM	2020-06-02	0	0
KM	2020-06-01	0	0
KM	2020-05-31	19	0
KM	2020-05-30	0	0
KM	2020-05-29	0	0
KM	2020-05-28	0	1
KM	2020-05-27	0	0
KM	2020-05-26	0	0
KM	2020-05-25	9	0
KM	2020-05-24	0	0
KM	2020-05-23	44	0
KM	2020-05-22	0	0
KM	2020-05-21	0	0
KM	2020-05-20	23	0
KM	2020-05-19	0	0
KM	2020-05-18	0	0
KM	2020-05-17	0	0
KM	2020-05-16	0	0
KM	2020-05-15	0	0
KM	2020-05-14	0	0
KM	2020-05-13	0	0
KM	2020-05-12	0	0
KM	2020-05-11	0	0
KM	2020-05-10	3	0
KM	2020-05-09	0	0
KM	2020-05-08	0	0
KM	2020-05-07	4	0
KM	2020-05-06	0	0
KM	2020-05-05	1	1
KM	2020-05-04	2	0
KM	2020-05-03	0	0
KM	2020-05-02	1	0
CG	2020-06-14	34	0
CG	2020-06-13	0	0
CG	2020-06-12	0	0
CG	2020-06-11	17	1
CG	2020-06-10	45	2
CG	2020-06-09	0	0
CG	2020-06-08	0	0
CG	2020-06-07	44	2
CG	2020-06-06	4	0
CG	2020-06-05	17	0
CG	2020-06-04	7	0
CG	2020-06-03	0	0
CG	2020-06-02	0	0
CG	2020-06-01	24	1
CG	2020-05-31	0	0
CG	2020-05-30	16	0
CG	2020-05-29	0	0
CG	2020-05-28	2	0
CG	2020-05-27	38	2
CG	2020-05-26	44	1
CG	2020-05-25	0	0
CG	2020-05-24	18	0
CG	2020-05-23	0	0
CG	2020-05-22	49	1
CG	2020-05-21	0	0
CG	2020-05-20	8	0
CG	2020-05-19	0	0
CG	2020-05-18	0	0
CG	2020-05-17	21	0
CG	2020-05-16	0	0
CG	2020-05-15	50	4
CG	2020-05-14	8	0
CG	2020-05-13	0	0
CG	2020-05-12	46	1
CG	2020-05-11	0	0
CG	2020-05-10	0	0
CG	2020-05-09	13	0
CG	2020-05-08	10	0
CG	2020-05-07	28	0
CG	2020-05-06	0	0
CG	2020-05-05	7	0
CG	2020-05-04	0	0
CG	2020-05-03	0	0
CG	2020-05-02	9	1
CG	2020-05-01	0	0
CG	2020-04-30	13	1
CG	2020-04-29	0	0
CG	2020-04-28	7	0
CG	2020-04-27	0	0
CG	2020-04-26	0	2
CG	2020-04-25	14	0
CG	2020-04-24	0	0
CG	2020-04-23	21	0
CG	2020-04-22	5	0
CG	2020-04-21	0	0
CG	2020-04-20	17	0
CG	2020-04-19	0	0
CG	2020-04-18	26	1
CG	2020-04-17	0	0
CG	2020-04-16	43	0
CG	2020-04-15	4	0
CG	2020-04-14	0	0
CG	2020-04-13	10	0
CG	2020-04-12	0	0
CG	2020-04-11	0	0
CG	2020-04-10	0	0
CG	2020-04-09	15	0
CG	2020-04-08	0	0
CG	2020-04-07	0	0
CG	2020-04-06	0	0
CG	2020-04-05	4	2
CG	2020-04-04	0	0
CG	2020-04-03	19	1
CG	2020-04-02	0	0
CG	2020-04-01	3	2
CG	2020-03-31	0	0
CG	2020-03-30	0	0
CG	2020-03-29	15	0
CG	2020-03-28	0	0
CG	2020-03-27	0	0
CG	2020-03-26	0	0
CG	2020-03-25	0	0
CG	2020-03-24	0	0
CG	2020-03-23	0	0
CG	2020-03-22	1	0
CG	2020-03-21	0	0
CG	2020-03-20	0	0
CG	2020-03-19	2	0
CG	2020-03-18	0	0
CG	2020-03-17	0	0
CG	2020-03-16	1	0
CR	2020-06-14	50	0
CR	2020-06-13	74	0
CR	2020-06-12	77	0
CR	2020-06-11	86	1
CR	2020-06-10	33	1
CR	2020-06-09	24	0
CR	2020-06-08	55	0
CR	2020-06-07	35	0
CR	2020-06-06	34	0
CR	2020-06-05	37	0
CR	2020-06-04	52	0
CR	2020-06-03	21	0
CR	2020-06-02	28	0
CR	2020-06-01	9	0
CR	2020-05-31	25	0
CR	2020-05-30	22	0
CR	2020-05-29	16	0
CR	2020-05-28	28	0
CR	2020-05-27	5	0
CR	2020-05-26	21	0
CR	2020-05-25	12	0
CR	2020-05-24	7	0
CR	2020-05-23	8	0
CR	2020-05-22	6	0
CR	2020-05-21	15	0
CR	2020-05-20	16	0
CR	2020-05-19	3	0
CR	2020-05-18	10	0
CR	2020-05-17	10	2
CR	2020-05-16	13	0
CR	2020-05-15	15	1
CR	2020-05-14	11	0
CR	2020-05-13	3	0
CR	2020-05-12	9	1
CR	2020-05-11	12	0
CR	2020-05-10	7	0
CR	2020-05-09	8	0
CR	2020-05-08	4	0
CR	2020-05-07	6	0
CR	2020-05-06	13	0
CR	2020-05-05	3	0
CR	2020-05-04	6	0
CR	2020-05-03	8	0
CR	2020-05-02	6	0
CR	2020-05-01	6	0
CR	2020-04-30	8	0
CR	2020-04-29	8	0
CR	2020-04-28	2	0
CR	2020-04-27	2	0
CR	2020-04-26	6	0
CR	2020-04-25	0	0
CR	2020-04-24	6	0
CR	2020-04-23	12	0
CR	2020-04-22	7	0
CR	2020-04-21	2	2
CR	2020-04-20	5	0
CR	2020-04-19	6	0
CR	2020-04-18	7	0
CR	2020-04-17	16	0
CR	2020-04-16	8	1
CR	2020-04-15	6	0
CR	2020-04-14	17	0
CR	2020-04-13	18	0
CR	2020-04-12	19	0
CR	2020-04-11	19	0
CR	2020-04-10	37	1
CR	2020-04-09	19	0
CR	2020-04-08	16	0
CR	2020-04-07	13	0
CR	2020-04-06	19	0
CR	2020-04-05	19	0
CR	2020-04-04	20	0
CR	2020-04-03	21	0
CR	2020-04-02	28	0
CR	2020-04-01	17	0
CR	2020-03-31	16	0
CR	2020-03-30	19	0
CR	2020-03-29	32	0
CR	2020-03-28	32	0
CR	2020-03-27	30	0
CR	2020-03-26	24	0
CR	2020-03-25	19	0
CR	2020-03-24	24	0
CR	2020-03-23	17	0
CR	2020-03-22	4	0
CR	2020-03-21	26	1
CR	2020-03-20	18	0
CR	2020-03-19	19	1
CR	2020-03-18	9	0
CR	2020-03-17	6	0
CR	2020-03-16	8	0
CR	2020-03-15	1	0
CR	2020-03-14	3	0
CR	2020-03-13	1	0
CR	2020-03-12	9	0
CR	2020-03-11	4	0
CR	2020-03-10	4	0
CR	2020-03-09	4	0
CR	2020-03-07	1	0
CI	2020-06-14	164	0
CI	2020-06-13	280	4
CI	2020-06-12	223	0
CI	2020-06-11	186	3
CI	2020-06-10	114	0
CI	2020-06-09	142	2
CI	2020-06-08	182	0
CI	2020-06-07	126	0
CI	2020-06-06	169	1
CI	2020-06-05	238	2
CI	2020-06-04	0	0
CI	2020-06-03	73	0
CI	2020-06-02	118	0
CI	2020-06-01	34	0
CI	2020-05-31	49	1
CI	2020-05-30	109	0
CI	2020-05-29	85	1
CI	2020-05-28	79	1
CI	2020-05-27	54	0
CI	2020-05-26	47	0
CI	2020-05-25	10	0
CI	2020-05-24	65	1
CI	2020-05-23	70	0
CI	2020-05-22	0	0
CI	2020-05-21	78	1
CI	2020-05-20	34	0
CI	2020-05-19	10	1
CI	2020-05-18	48	2
CI	2020-05-17	44	1
CI	2020-05-16	46	0
CI	2020-05-15	59	0
CI	2020-05-14	55	3
CI	2020-05-13	127	0
CI	2020-05-12	30	0
CI	2020-05-11	33	0
CI	2020-05-10	65	1
CI	2020-05-09	31	0
CI	2020-05-08	55	2
CI	2020-05-07	52	0
CI	2020-05-06	32	1
CI	2020-05-05	34	0
CI	2020-05-04	36	2
CI	2020-05-03	29	0
CI	2020-05-02	58	1
CI	2020-05-01	37	0
CI	2020-04-30	55	0
CI	2020-04-29	19	0
CI	2020-04-28	14	0
CI	2020-04-27	39	0
CI	2020-04-26	34	0
CI	2020-04-25	73	0
CI	2020-04-24	52	0
CI	2020-04-23	36	1
CI	2020-04-22	37	3
CI	2020-04-21	32	1
CI	2020-04-20	46	1
CI	2020-04-19	59	2
CI	2020-04-18	54	0
CI	2020-04-17	34	0
CI	2020-04-16	28	0
CI	2020-04-15	0	0
CI	2020-04-14	52	1
CI	2020-04-13	41	1
CI	2020-04-12	53	1
CI	2020-04-11	36	0
CI	2020-04-10	60	0
CI	2020-04-09	35	0
CI	2020-04-08	26	0
CI	2020-04-07	62	0
CI	2020-04-06	16	1
CI	2020-04-05	27	1
CI	2020-04-04	24	0
CI	2020-04-03	4	0
CI	2020-04-02	22	0
CI	2020-04-01	0	0
CI	2020-03-31	3	0
CI	2020-03-30	25	1
CI	2020-03-29	39	0
CI	2020-03-28	5	0
CI	2020-03-27	16	0
CI	2020-03-26	7	0
CI	2020-03-25	48	0
CI	2020-03-24	0	0
CI	2020-03-23	8	0
CI	2020-03-22	3	0
CI	2020-03-21	5	0
CI	2020-03-20	3	0
CI	2020-03-19	1	0
CI	2020-03-18	0	0
CI	2020-03-17	1	0
CI	2020-03-16	0	0
CI	2020-03-15	3	0
CI	2020-03-12	1	0
HR	2020-06-14	2	0
HR	2020-06-13	0	1
HR	2020-06-12	0	0
HR	2020-06-11	2	0
HR	2020-06-10	0	2
HR	2020-06-09	0	0
HR	2020-06-08	0	0
HR	2020-06-07	0	1
HR	2020-06-06	0	0
HR	2020-06-05	1	0
HR	2020-06-04	0	0
HR	2020-06-03	0	0
HR	2020-06-02	0	0
HR	2020-06-01	0	0
HR	2020-05-31	1	0
HR	2020-05-30	0	1
HR	2020-05-29	1	1
HR	2020-05-28	0	0
HR	2020-05-27	0	1
HR	2020-05-26	0	1
HR	2020-05-25	1	0
HR	2020-05-24	0	0
HR	2020-05-23	6	2
HR	2020-05-22	3	1
HR	2020-05-21	2	0
HR	2020-05-20	4	1
HR	2020-05-19	2	0
HR	2020-05-18	2	0
HR	2020-05-17	2	0
HR	2020-05-16	1	1
HR	2020-05-15	8	0
HR	2020-05-14	6	3
HR	2020-05-13	11	0
HR	2020-05-12	9	1
HR	2020-05-11	11	3
HR	2020-05-10	15	1
HR	2020-05-09	36	0
HR	2020-05-08	6	1
HR	2020-05-07	7	2
HR	2020-05-06	11	3
HR	2020-05-05	5	1
HR	2020-05-04	8	2
HR	2020-05-03	3	2
HR	2020-05-02	9	6
HR	2020-05-01	14	2
HR	2020-04-30	15	4
HR	2020-04-29	8	4
HR	2020-04-28	9	4
HR	2020-04-27	14	1
HR	2020-04-26	7	3
HR	2020-04-25	28	1
HR	2020-04-24	31	2
HR	2020-04-23	42	0
HR	2020-04-22	27	1
HR	2020-04-21	10	0
HR	2020-04-20	39	8
HR	2020-04-19	18	3
HR	2020-04-18	23	1
HR	2020-04-17	50	1
HR	2020-04-16	37	3
HR	2020-04-15	54	6
HR	2020-04-14	50	2
HR	2020-04-13	66	2
HR	2020-04-12	39	0
HR	2020-04-11	88	1
HR	2020-04-10	64	1
HR	2020-04-09	61	1
HR	2020-04-08	60	2
HR	2020-04-07	40	1
HR	2020-04-06	56	3
HR	2020-04-05	47	4
HR	2020-04-04	68	1
HR	2020-04-03	48	1
HR	2020-04-02	96	0
HR	2020-04-01	77	0
HR	2020-03-31	77	0
HR	2020-03-30	56	1
HR	2020-03-29	71	2
HR	2020-03-28	91	1
HR	2020-03-27	77	1
HR	2020-03-26	36	0
HR	2020-03-25	76	1
HR	2020-03-24	71	0
HR	2020-03-23	29	0
HR	2020-03-22	80	0
HR	2020-03-21	22	0
HR	2020-03-20	23	0
HR	2020-03-19	12	0
HR	2020-03-18	13	0
HR	2020-03-17	8	0
HR	2020-03-16	11	0
HR	2020-03-15	6	0
HR	2020-03-14	6	0
HR	2020-03-13	9	0
HR	2020-03-12	3	0
HR	2020-03-11	1	0
HR	2020-03-08	1	0
HR	2020-03-07	1	0
HR	2020-03-06	1	0
HR	2020-03-04	1	0
HR	2020-03-03	1	0
HR	2020-03-02	2	0
HR	2020-03-01	0	0
HR	2020-02-29	2	0
HR	2020-02-28	1	0
HR	2020-02-27	1	0
HR	2020-02-26	1	0
HR	2020-02-25	0	0
HR	2020-02-24	0	0
HR	2020-02-23	0	0
HR	2020-02-22	0	0
HR	2020-02-21	0	0
HR	2020-02-20	0	0
HR	2020-02-19	0	0
HR	2020-02-18	0	0
HR	2020-02-17	0	0
HR	2020-02-16	0	0
HR	2020-02-15	0	0
HR	2020-02-14	0	0
HR	2020-02-13	0	0
HR	2020-02-12	0	0
HR	2020-02-11	0	0
HR	2020-02-10	0	0
HR	2020-02-09	0	0
HR	2020-02-08	0	0
HR	2020-02-07	0	0
HR	2020-02-06	0	0
HR	2020-02-05	0	0
HR	2020-02-04	0	0
HR	2020-02-03	0	0
HR	2020-02-02	0	0
HR	2020-02-01	0	0
HR	2020-01-31	0	0
HR	2020-01-30	0	0
HR	2020-01-29	0	0
HR	2020-01-28	0	0
HR	2020-01-27	0	0
HR	2020-01-26	0	0
HR	2020-01-25	0	0
HR	2020-01-24	0	0
HR	2020-01-23	0	0
HR	2020-01-22	0	0
HR	2020-01-21	0	0
HR	2020-01-20	0	0
HR	2020-01-19	0	0
HR	2020-01-18	0	0
HR	2020-01-17	0	0
HR	2020-01-16	0	0
HR	2020-01-15	0	0
HR	2020-01-14	0	0
HR	2020-01-13	0	0
HR	2020-01-12	0	0
HR	2020-01-11	0	0
HR	2020-01-10	0	0
HR	2020-01-09	0	0
HR	2020-01-08	0	0
HR	2020-01-07	0	0
HR	2020-01-06	0	0
HR	2020-01-05	0	0
HR	2020-01-04	0	0
HR	2020-01-03	0	0
HR	2020-01-02	0	0
HR	2020-01-01	0	0
HR	2019-12-31	0	0
CU	2020-06-14	5	0
CU	2020-06-13	14	0
CU	2020-06-12	8	1
CU	2020-06-11	6	0
CU	2020-06-10	5	0
CU	2020-06-09	9	0
CU	2020-06-08	18	0
CU	2020-06-07	40	0
CU	2020-06-06	14	0
CU	2020-06-05	12	0
CU	2020-06-04	15	0
CU	2020-06-03	9	0
CU	2020-06-02	38	0
CU	2020-06-01	20	0
CU	2020-05-31	20	1
CU	2020-05-30	22	0
CU	2020-05-29	9	0
CU	2020-05-28	11	0
CU	2020-05-27	16	0
CU	2020-05-26	6	0
CU	2020-05-25	10	1
CU	2020-05-24	15	0
CU	2020-05-23	8	1
CU	2020-05-22	8	1
CU	2020-05-21	13	0
CU	2020-05-20	6	0
CU	2020-05-19	9	0
CU	2020-05-18	10	0
CU	2020-05-17	22	0
CU	2020-05-16	10	0
CU	2020-05-15	20	0
CU	2020-05-14	6	1
CU	2020-05-13	21	1
CU	2020-05-12	17	0
CU	2020-05-11	12	3
CU	2020-05-10	13	0
CU	2020-05-09	12	1
CU	2020-05-08	26	4
CU	2020-05-07	18	0
CU	2020-05-06	17	0
CU	2020-05-05	19	2
CU	2020-05-04	38	1
CU	2020-05-03	74	2
CU	2020-05-02	36	3
CU	2020-05-01	34	3
CU	2020-04-30	30	0
CU	2020-04-29	48	2
CU	2020-04-28	20	2
CU	2020-04-27	32	3
CU	2020-04-26	52	2
CU	2020-04-25	50	6
CU	2020-04-24	46	3
CU	2020-04-23	52	2
CU	2020-04-22	50	2
CU	2020-04-21	52	2
CU	2020-04-20	49	2
CU	2020-04-19	63	1
CU	2020-04-18	61	4
CU	2020-04-17	48	3
CU	2020-04-16	48	3
CU	2020-04-15	40	0
CU	2020-04-14	57	3
CU	2020-04-13	49	2
CU	2020-04-12	56	1
CU	2020-04-11	49	0
CU	2020-04-10	58	3
CU	2020-04-09	61	1
CU	2020-04-08	46	2
CU	2020-04-07	30	1
CU	2020-04-06	32	2
CU	2020-04-05	19	0
CU	2020-04-04	36	0
CU	2020-04-03	21	0
CU	2020-04-02	26	0
CU	2020-04-01	16	2
CU	2020-03-31	31	1
CU	2020-03-30	20	0
CU	2020-03-29	39	1
CU	2020-03-28	13	0
CU	2020-03-27	10	1
CU	2020-03-26	9	0
CU	2020-03-25	8	0
CU	2020-03-24	5	0
CU	2020-03-23	10	0
CU	2020-03-22	4	0
CU	2020-03-21	5	0
CU	2020-03-20	5	0
CU	2020-03-19	4	1
CU	2020-03-18	3	0
CU	2020-03-15	0	0
CU	2020-03-14	1	0
CU	2020-03-12	3	0
CW	2020-06-14	0	0
CW	2020-06-13	0	0
CW	2020-06-12	1	0
CW	2020-06-11	0	0
CW	2020-06-10	0	0
CW	2020-06-09	0	0
CW	2020-06-08	0	0
CW	2020-06-07	0	0
CW	2020-06-06	0	0
CW	2020-06-05	1	0
CW	2020-06-04	0	0
CW	2020-06-03	0	0
CW	2020-06-02	1	0
CW	2020-06-01	0	0
CW	2020-05-31	0	0
CW	2020-05-30	0	0
CW	2020-05-29	1	0
CW	2020-05-28	0	0
CW	2020-05-27	0	0
CW	2020-05-26	1	0
CW	2020-05-25	1	0
CW	2020-05-24	0	0
CW	2020-05-23	0	0
CW	2020-05-22	0	0
CW	2020-05-21	0	0
CW	2020-05-20	0	0
CW	2020-05-19	0	0
CW	2020-05-18	0	0
CW	2020-05-17	0	0
CW	2020-05-16	0	0
CW	2020-05-15	0	0
CW	2020-05-14	0	0
CW	2020-05-13	0	0
CW	2020-05-12	0	0
CW	2020-05-11	0	0
CW	2020-05-10	0	0
CW	2020-05-09	0	0
CW	2020-05-08	0	0
CW	2020-05-07	0	0
CW	2020-05-06	0	0
CW	2020-05-05	0	0
CW	2020-05-04	0	0
CW	2020-05-03	0	0
CW	2020-05-02	0	0
CW	2020-05-01	0	0
CW	2020-04-30	0	0
CW	2020-04-29	0	0
CW	2020-04-28	0	0
CW	2020-04-27	0	0
CW	2020-04-26	0	0
CW	2020-04-25	2	0
CW	2020-04-24	0	0
CW	2020-04-23	0	0
CW	2020-04-22	0	0
CW	2020-04-21	0	0
CW	2020-04-20	0	0
CW	2020-04-19	0	0
CW	2020-04-18	0	0
CW	2020-04-17	0	0
CW	2020-04-16	0	0
CW	2020-04-15	0	0
CW	2020-04-14	0	0
CW	2020-04-13	0	0
CW	2020-04-12	0	0
CW	2020-04-11	0	0
CW	2020-04-10	0	0
CW	2020-04-09	1	0
CW	2020-04-08	0	0
CW	2020-04-07	2	0
CW	2020-04-06	0	0
CW	2020-04-05	0	0
CW	2020-04-04	0	0
CW	2020-04-03	0	0
CW	2020-04-02	0	0
CW	2020-04-01	2	0
CW	2020-03-30	1	0
CW	2020-03-29	0	0
CW	2020-03-28	1	0
CW	2020-03-27	1	0
CW	2020-03-26	0	1
CW	2020-03-24	3	0
CW	2020-03-20	2	0
CW	2020-03-13	1	0
CY	2020-06-14	0	0
CY	2020-06-13	5	0
CY	2020-06-12	1	0
CY	2020-06-11	2	0
CY	2020-06-10	2	0
CY	2020-06-09	6	0
CY	2020-06-08	4	0
CY	2020-06-07	0	1
CY	2020-06-06	2	0
CY	2020-06-05	0	0
CY	2020-06-04	6	0
CY	2020-06-03	3	0
CY	2020-06-02	5	0
CY	2020-06-01	1	0
CY	2020-05-31	2	0
CY	2020-05-30	0	0
CY	2020-05-29	2	0
CY	2020-05-28	0	0
CY	2020-05-27	2	0
CY	2020-05-26	2	0
CY	2020-05-25	8	0
CY	2020-05-24	0	0
CY	2020-05-23	4	0
CY	2020-05-22	1	0
CY	2020-05-21	4	0
CY	2020-05-20	1	0
CY	2020-05-19	1	0
CY	2020-05-18	2	0
CY	2020-05-17	4	0
CY	2020-05-16	3	0
CY	2020-05-15	2	0
CY	2020-05-14	2	1
CY	2020-05-13	2	0
CY	2020-05-12	3	0
CY	2020-05-11	6	1
CY	2020-05-10	1	0
CY	2020-05-09	2	0
CY	2020-05-08	6	0
CY	2020-05-07	5	0
CY	2020-05-06	4	0
CY	2020-05-05	2	0
CY	2020-05-04	8	0
CY	2020-05-03	7	0
CY	2020-05-02	7	0
CY	2020-05-01	7	0
CY	2020-04-30	6	0
CY	2020-04-29	15	0
CY	2020-04-28	5	1
CY	2020-04-27	7	0
CY	2020-04-26	6	0
CY	2020-04-25	9	0
CY	2020-04-24	5	0
CY	2020-04-23	6	2
CY	2020-04-22	12	0
CY	2020-04-21	5	0
CY	2020-04-20	6	0
CY	2020-04-19	26	0
CY	2020-04-18	0	0
CY	2020-04-17	20	0
CY	2020-04-16	20	0
CY	2020-04-15	33	0
CY	2020-04-14	29	1
CY	2020-04-13	17	1
CY	2020-04-12	21	0
CY	2020-04-11	31	0
CY	2020-04-10	38	1
CY	2020-04-09	32	0
CY	2020-04-08	29	0
CY	2020-04-07	19	0
CY	2020-04-06	20	0
CY	2020-04-05	30	0
CY	2020-04-04	40	0
CY	2020-04-03	36	0
CY	2020-04-02	58	1
CY	2020-04-01	32	1
CY	2020-03-31	16	1
CY	2020-03-30	35	1
CY	2020-03-29	17	0
CY	2020-03-28	16	2
CY	2020-03-27	14	0
CY	2020-03-26	8	0
CY	2020-03-25	8	3
CY	2020-03-24	21	0
CY	2020-03-23	11	0
CY	2020-03-22	17	0
CY	2020-03-21	9	0
CY	2020-03-20	0	0
CY	2020-03-19	18	0
CY	2020-03-18	0	0
CY	2020-03-17	10	0
CY	2020-03-16	9	0
CY	2020-03-15	7	0
CY	2020-03-14	8	0
CY	2020-03-12	4	0
CY	2020-03-10	2	0
CZ	2020-06-14	53	0
CZ	2020-06-13	52	0
CZ	2020-06-12	62	1
CZ	2020-06-11	73	0
CZ	2020-06-10	54	0
CZ	2020-06-09	69	1
CZ	2020-06-08	61	0
CZ	2020-06-07	38	0
CZ	2020-06-06	35	1
CZ	2020-06-05	56	2
CZ	2020-06-04	74	1
CZ	2020-06-03	62	2
CZ	2020-06-02	29	1
CZ	2020-06-01	43	1
CZ	2020-05-31	34	0
CZ	2020-05-30	56	0
CZ	2020-05-29	54	2
CZ	2020-05-28	36	0
CZ	2020-05-27	46	0
CZ	2020-05-26	47	2
CZ	2020-05-25	67	1
CZ	2020-05-24	77	2
CZ	2020-05-23	59	6
CZ	2020-05-22	33	2
CZ	2020-05-21	74	2
CZ	2020-05-20	61	5
CZ	2020-05-19	111	0
CZ	2020-05-18	20	1
CZ	2020-05-17	49	1
CZ	2020-05-16	55	2
CZ	2020-05-15	82	3
CZ	2020-05-14	48	7
CZ	2020-05-13	45	1
CZ	2020-05-12	53	2
CZ	2020-05-11	28	4
CZ	2020-05-10	18	3
CZ	2020-05-09	46	3
CZ	2020-05-08	57	8
CZ	2020-05-07	78	5
CZ	2020-05-06	77	5
CZ	2020-05-05	38	4
CZ	2020-05-04	26	3
CZ	2020-05-03	18	5
CZ	2020-05-02	55	4
CZ	2020-05-01	103	9
CZ	2020-04-30	75	0
CZ	2020-04-29	55	4
CZ	2020-04-28	45	2
CZ	2020-04-27	52	3
CZ	2020-04-26	79	3
CZ	2020-04-25	85	2
CZ	2020-04-24	52	3
CZ	2020-04-23	95	9
CZ	2020-04-22	127	5
CZ	2020-04-21	127	8
CZ	2020-04-20	133	7
CZ	2020-04-19	105	8
CZ	2020-04-18	116	4
CZ	2020-04-17	130	3
CZ	2020-04-16	162	5
CZ	2020-04-15	82	18
CZ	2020-04-14	68	5
CZ	2020-04-13	89	9
CZ	2020-04-12	170	10
CZ	2020-04-11	163	7
CZ	2020-04-10	257	13
CZ	2020-04-09	295	11
CZ	2020-04-08	195	10
CZ	2020-04-07	235	11
CZ	2020-04-06	115	8
CZ	2020-04-05	282	6
CZ	2020-04-04	332	9
CZ	2020-04-03	269	5
CZ	2020-04-02	281	8
CZ	2020-04-01	306	7
CZ	2020-03-31	173	8
CZ	2020-03-30	166	5
CZ	2020-03-29	384	2
CZ	2020-03-28	217	0
CZ	2020-03-27	408	3
CZ	2020-03-26	260	3
CZ	2020-03-25	158	2
CZ	2020-03-24	71	0
CZ	2020-03-23	170	1
CZ	2020-03-22	91	0
CZ	2020-03-21	210	0
CZ	2020-03-20	172	0
CZ	2020-03-19	88	0
CZ	2020-03-18	90	0
CZ	2020-03-17	46	0
CZ	2020-03-16	84	0
CZ	2020-03-15	64	0
CZ	2020-03-14	34	0
CZ	2020-03-13	22	0
CZ	2020-03-12	31	0
CZ	2020-03-11	23	0
CZ	2020-03-10	8	0
CZ	2020-03-09	6	0
CZ	2020-03-08	7	0
CZ	2020-03-07	7	0
CZ	2020-03-06	4	0
CZ	2020-03-05	3	0
CZ	2020-03-04	0	0
CZ	2020-03-03	2	0
CZ	2020-03-02	3	0
CZ	2020-03-01	0	0
CZ	2020-02-29	0	0
CZ	2020-02-28	0	0
CZ	2020-02-27	0	0
CZ	2020-02-26	0	0
CZ	2020-02-25	0	0
CZ	2020-02-24	0	0
CZ	2020-02-23	0	0
CZ	2020-02-22	0	0
CZ	2020-02-21	0	0
CZ	2020-02-20	0	0
CZ	2020-02-19	0	0
CZ	2020-02-18	0	0
CZ	2020-02-17	0	0
CZ	2020-02-16	0	0
CZ	2020-02-15	0	0
CZ	2020-02-14	0	0
CZ	2020-02-13	0	0
CZ	2020-02-12	0	0
CZ	2020-02-11	0	0
CZ	2020-02-10	0	0
CZ	2020-02-09	0	0
CZ	2020-02-08	0	0
CZ	2020-02-07	0	0
CZ	2020-02-06	0	0
CZ	2020-02-05	0	0
CZ	2020-02-04	0	0
CZ	2020-02-03	0	0
CZ	2020-02-02	0	0
CZ	2020-02-01	0	0
CZ	2020-01-31	0	0
CZ	2020-01-30	0	0
CZ	2020-01-29	0	0
CZ	2020-01-28	0	0
CZ	2020-01-27	0	0
CZ	2020-01-26	0	0
CZ	2020-01-25	0	0
CZ	2020-01-24	0	0
CZ	2020-01-23	0	0
CZ	2020-01-22	0	0
CZ	2020-01-21	0	0
CZ	2020-01-20	0	0
CZ	2020-01-19	0	0
CZ	2020-01-18	0	0
CZ	2020-01-17	0	0
CZ	2020-01-16	0	0
CZ	2020-01-15	0	0
CZ	2020-01-14	0	0
CZ	2020-01-13	0	0
CZ	2020-01-12	0	0
CZ	2020-01-11	0	0
CZ	2020-01-10	0	0
CZ	2020-01-09	0	0
CZ	2020-01-08	0	0
CZ	2020-01-07	0	0
CZ	2020-01-06	0	0
CZ	2020-01-05	0	0
CZ	2020-01-04	0	0
CZ	2020-01-03	0	0
CZ	2020-01-02	0	0
CZ	2020-01-01	0	0
CZ	2019-12-31	0	0
CD	2020-06-14	87	5
CD	2020-06-13	122	3
CD	2020-06-12	125	2
CD	2020-06-11	131	6
CD	2020-06-10	153	2
CD	2020-06-09	89	2
CD	2020-06-08	138	4
CD	2020-06-07	114	0
CD	2020-06-06	121	3
CD	2020-06-05	149	3
CD	2020-06-04	169	3
CD	2020-06-03	131	0
CD	2020-06-02	145	1
CD	2020-06-01	83	2
CD	2020-05-31	133	0
CD	2020-05-30	1	0
CD	2020-05-29	173	1
CD	2020-05-28	114	1
CD	2020-05-27	248	0
CD	2020-05-26	0	0
CD	2020-05-25	156	4
CD	2020-05-24	116	0
CD	2020-05-23	80	0
CD	2020-05-22	110	2
CD	2020-05-21	104	0
CD	2020-05-20	102	0
CD	2020-05-19	175	1
CD	2020-05-18	0	0
CD	2020-05-17	85	0
CD	2020-05-16	71	10
CD	2020-05-15	56	0
CD	2020-05-14	73	0
CD	2020-05-13	67	6
CD	2020-05-12	78	3
CD	2020-05-11	33	0
CD	2020-05-10	54	2
CD	2020-05-09	40	3
CD	2020-05-08	34	0
CD	2020-05-07	158	2
CD	2020-05-06	21	0
CD	2020-05-05	0	0
CD	2020-05-04	10	1
CD	2020-05-03	70	1
CD	2020-05-02	32	1
CD	2020-05-01	72	0
CD	2020-04-30	9	1
CD	2020-04-29	20	0
CD	2020-04-28	12	2
CD	2020-04-27	17	0
CD	2020-04-26	26	0
CD	2020-04-25	22	3
CD	2020-04-24	17	0
CD	2020-04-23	18	0
CD	2020-04-22	9	0
CD	2020-04-21	18	0
CD	2020-04-20	5	0
CD	2020-04-19	20	0
CD	2020-04-18	20	2
CD	2020-04-17	20	1
CD	2020-04-16	13	1
CD	2020-04-15	19	1
CD	2020-04-14	1	0
CD	2020-04-13	0	0
CD	2020-04-12	11	0
CD	2020-04-11	8	0
CD	2020-04-10	32	0
CD	2020-04-09	3	2
CD	2020-04-08	19	0
CD	2020-04-07	7	0
CD	2020-04-06	0	0
CD	2020-04-05	20	5
CD	2020-04-04	11	2
CD	2020-04-03	0	0
CD	2020-04-02	25	3
CD	2020-04-01	0	0
CD	2020-03-31	17	0
CD	2020-03-30	23	2
CD	2020-03-29	0	2
CD	2020-03-28	4	0
CD	2020-03-27	9	1
CD	2020-03-26	0	0
CD	2020-03-25	19	1
CD	2020-03-24	0	0
CD	2020-03-23	3	1
CD	2020-03-22	9	1
CD	2020-03-21	0	0
CD	2020-03-20	0	0
CD	2020-03-19	11	0
CD	2020-03-18	0	0
CD	2020-03-17	1	0
CD	2020-03-16	0	0
CD	2020-03-15	0	0
CD	2020-03-14	1	0
CD	2020-03-11	1	0
DK	2020-06-14	40	3
DK	2020-06-13	64	1
DK	2020-06-12	19	0
DK	2020-06-11	15	0
DK	2020-06-10	39	0
DK	2020-06-09	14	4
DK	2020-06-08	24	2
DK	2020-06-07	49	1
DK	2020-06-06	64	4
DK	2020-06-05	40	2
DK	2020-06-04	37	0
DK	2020-06-03	35	4
DK	2020-06-02	30	2
DK	2020-06-01	36	3
DK	2020-05-31	40	3
DK	2020-05-30	81	0
DK	2020-05-29	32	3
DK	2020-05-28	52	2
DK	2020-05-27	41	0
DK	2020-05-26	27	1
DK	2020-05-25	71	1
DK	2020-05-24	59	0
DK	2020-05-23	48	0
DK	2020-05-22	65	7
DK	2020-05-21	73	3
DK	2020-05-20	76	3
DK	2020-05-19	41	1
DK	2020-05-18	69	4
DK	2020-05-17	67	5
DK	2020-05-16	78	0
DK	2020-05-15	46	4
DK	2020-05-14	76	6
DK	2020-05-13	78	4
DK	2020-05-12	84	5
DK	2020-05-11	110	3
DK	2020-05-10	101	4
DK	2020-05-09	135	6
DK	2020-05-08	100	6
DK	2020-05-07	162	3
DK	2020-05-06	151	7
DK	2020-05-05	147	9
DK	2020-05-04	116	8
DK	2020-05-03	96	11
DK	2020-05-02	153	10
DK	2020-05-01	150	9
DK	2020-04-30	157	9
DK	2020-04-29	153	7
DK	2020-04-28	123	5
DK	2020-04-27	130	4
DK	2020-04-26	235	15
DK	2020-04-25	137	9
DK	2020-04-24	161	10
DK	2020-04-23	217	14
DK	2020-04-22	180	6
DK	2020-04-21	131	9
DK	2020-04-20	142	9
DK	2020-04-19	169	10
DK	2020-04-18	194	15
DK	2020-04-17	198	12
DK	2020-04-16	170	10
DK	2020-04-15	193	14
DK	2020-04-14	144	12
DK	2020-04-13	178	13
DK	2020-04-12	177	13
DK	2020-04-11	184	10
DK	2020-04-10	233	19
DK	2020-04-09	331	15
DK	2020-04-08	390	16
DK	2020-04-07	312	8
DK	2020-04-06	292	18
DK	2020-04-05	320	22
DK	2020-04-04	371	16
DK	2020-04-03	279	19
DK	2020-04-02	247	14
DK	2020-04-01	283	13
DK	2020-03-31	182	5
DK	2020-03-30	194	7
DK	2020-03-29	155	13
DK	2020-03-28	169	11
DK	2020-03-27	153	7
DK	2020-03-26	133	2
DK	2020-03-25	131	8
DK	2020-03-24	65	11
DK	2020-03-23	69	0
DK	2020-03-22	71	4
DK	2020-03-21	104	3
DK	2020-03-20	36	2
DK	2020-03-19	91	0
DK	2020-03-18	92	3
DK	2020-03-17	57	0
DK	2020-03-16	48	1
DK	2020-03-15	23	0
DK	2020-03-14	128	0
DK	2020-03-13	160	0
DK	2020-03-12	252	0
DK	2020-03-11	151	0
DK	2020-03-10	75	0
DK	2020-03-09	7	0
DK	2020-03-08	8	0
DK	2020-03-07	3	0
DK	2020-03-06	10	0
DK	2020-03-05	2	0
DK	2020-03-04	3	0
DK	2020-03-03	1	0
DK	2020-03-02	1	0
DK	2020-03-01	1	0
DK	2020-02-29	1	0
DK	2020-02-28	0	0
DK	2020-02-27	1	0
DK	2020-02-26	0	0
DK	2020-02-25	0	0
DK	2020-02-24	0	0
DK	2020-02-23	0	0
DK	2020-02-22	0	0
DK	2020-02-21	0	0
DK	2020-02-20	0	0
DK	2020-02-19	0	0
DK	2020-02-18	0	0
DK	2020-02-17	0	0
DK	2020-02-16	0	0
DK	2020-02-15	0	0
DK	2020-02-14	0	0
DK	2020-02-13	0	0
DK	2020-02-12	0	0
DK	2020-02-11	0	0
DK	2020-02-10	0	0
DK	2020-02-09	0	0
DK	2020-02-08	0	0
DK	2020-02-07	0	0
DK	2020-02-06	0	0
DK	2020-02-05	0	0
DK	2020-02-04	0	0
DK	2020-02-03	0	0
DK	2020-02-02	0	0
DK	2020-02-01	0	0
DK	2020-01-31	0	0
DK	2020-01-30	0	0
DK	2020-01-29	0	0
DK	2020-01-28	0	0
DK	2020-01-27	0	0
DK	2020-01-26	0	0
DK	2020-01-25	0	0
DK	2020-01-24	0	0
DK	2020-01-23	0	0
DK	2020-01-22	0	0
DK	2020-01-21	0	0
DK	2020-01-20	0	0
DK	2020-01-19	0	0
DK	2020-01-18	0	0
DK	2020-01-17	0	0
DK	2020-01-16	0	0
DK	2020-01-15	0	0
DK	2020-01-14	0	0
DK	2020-01-13	0	0
DK	2020-01-12	0	0
DK	2020-01-11	0	0
DK	2020-01-10	0	0
DK	2020-01-09	0	0
DK	2020-01-08	0	0
DK	2020-01-07	0	0
DK	2020-01-06	0	0
DK	2020-01-05	0	0
DK	2020-01-04	0	0
DK	2020-01-03	0	0
DK	2020-01-02	0	0
DK	2020-01-01	0	0
DK	2019-12-31	0	0
DJ	2020-06-14	8	3
DJ	2020-06-13	43	1
DJ	2020-06-12	25	3
DJ	2020-06-11	42	0
DJ	2020-06-10	53	3
DJ	2020-06-09	71	3
DJ	2020-06-08	38	2
DJ	2020-06-07	46	0
DJ	2020-06-06	69	0
DJ	2020-06-05	119	0
DJ	2020-06-04	156	1
DJ	2020-06-03	210	1
DJ	2020-06-02	215	0
DJ	2020-06-01	160	2
DJ	2020-05-31	280	2
DJ	2020-05-30	0	0
DJ	2020-05-29	217	2
DJ	2020-05-28	229	4
DJ	2020-05-27	0	0
DJ	2020-05-26	198	4
DJ	2020-05-25	0	0
DJ	2020-05-24	0	0
DJ	2020-05-23	223	0
DJ	2020-05-22	219	1
DJ	2020-05-21	310	2
DJ	2020-05-20	0	0
DJ	2020-05-19	117	3
DJ	2020-05-18	70	0
DJ	2020-05-17	22	0
DJ	2020-05-16	25	1
DJ	2020-05-15	16	0
DJ	2020-05-14	12	0
DJ	2020-05-13	29	0
DJ	2020-05-12	17	0
DJ	2020-05-11	21	0
DJ	2020-05-10	54	0
DJ	2020-05-09	2	0
DJ	2020-05-08	13	0
DJ	2020-05-07	0	1
DJ	2020-05-06	4	0
DJ	2020-05-05	4	0
DJ	2020-05-04	0	0
DJ	2020-05-03	15	0
DJ	2020-05-02	8	0
DJ	2020-05-01	12	0
DJ	2020-04-30	5	0
DJ	2020-04-29	37	0
DJ	2020-04-28	12	0
DJ	2020-04-27	15	0
DJ	2020-04-26	9	0
DJ	2020-04-25	13	0
DJ	2020-04-24	12	0
DJ	2020-04-23	29	0
DJ	2020-04-22	99	0
DJ	2020-04-21	0	0
DJ	2020-04-20	114	0
DJ	2020-04-19	0	0
DJ	2020-04-18	141	0
DJ	2020-04-17	156	0
DJ	2020-04-16	72	0
DJ	2020-04-15	65	0
DJ	2020-04-14	84	0
DJ	2020-04-13	27	0
DJ	2020-04-12	37	1
DJ	2020-04-11	10	0
DJ	2020-04-10	5	1
DJ	2020-04-09	14	0
DJ	2020-04-08	31	0
DJ	2020-04-07	31	0
DJ	2020-04-06	8	0
DJ	2020-04-05	10	0
DJ	2020-04-04	0	0
DJ	2020-04-03	7	0
DJ	2020-04-02	3	0
DJ	2020-04-01	5	0
DJ	2020-03-31	7	0
DJ	2020-03-30	4	0
DJ	2020-03-29	2	0
DJ	2020-03-28	1	0
DJ	2020-03-27	0	0
DJ	2020-03-26	9	0
DJ	2020-03-25	0	0
DJ	2020-03-24	2	0
DJ	2020-03-23	0	0
DJ	2020-03-22	0	0
DJ	2020-03-21	0	0
DJ	2020-03-20	0	0
DJ	2020-03-19	1	0
DM	2020-06-14	0	0
DM	2020-06-13	0	0
DM	2020-06-12	0	0
DM	2020-06-11	0	0
DM	2020-06-10	0	0
DM	2020-06-09	0	0
DM	2020-06-08	0	0
DM	2020-06-07	0	0
DM	2020-06-06	0	0
DM	2020-06-05	0	0
DM	2020-06-04	0	0
DM	2020-06-03	0	0
DM	2020-06-02	2	0
DM	2020-06-01	0	0
DM	2020-05-31	0	0
DM	2020-05-30	0	0
DM	2020-05-29	0	0
DM	2020-05-28	0	0
DM	2020-05-27	0	0
DM	2020-05-26	0	0
DM	2020-05-25	0	0
DM	2020-05-24	0	0
DM	2020-05-23	0	0
DM	2020-05-22	0	0
DM	2020-05-21	0	0
DM	2020-05-20	0	0
DM	2020-05-19	0	0
DM	2020-05-18	0	0
DM	2020-05-17	0	0
DM	2020-05-16	0	0
DM	2020-05-15	0	0
DM	2020-05-14	0	0
DM	2020-05-13	0	0
DM	2020-05-12	0	0
DM	2020-05-11	0	0
DM	2020-05-10	0	0
DM	2020-05-09	0	0
DM	2020-05-08	0	0
DM	2020-05-07	0	0
DM	2020-05-06	0	0
DM	2020-05-05	0	0
DM	2020-05-04	0	0
DM	2020-05-03	0	0
DM	2020-05-02	0	0
DM	2020-05-01	0	0
DM	2020-04-30	0	0
DM	2020-04-29	0	0
DM	2020-04-28	0	0
DM	2020-04-27	0	0
DM	2020-04-26	0	0
DM	2020-04-25	0	0
DM	2020-04-24	0	0
DM	2020-04-23	0	0
DM	2020-04-22	0	0
DM	2020-04-21	0	0
DM	2020-04-20	0	0
DM	2020-04-19	0	0
DM	2020-04-18	0	0
DM	2020-04-17	0	0
DM	2020-04-16	0	0
DM	2020-04-15	0	0
DM	2020-04-14	0	0
DM	2020-04-13	0	0
DM	2020-04-12	0	0
DM	2020-04-11	0	0
DM	2020-04-10	1	0
DM	2020-04-09	0	0
DM	2020-04-08	0	0
DM	2020-04-07	1	0
DM	2020-04-06	0	0
DM	2020-04-05	0	0
DM	2020-04-04	2	0
DM	2020-04-03	0	0
DM	2020-04-02	1	0
DM	2020-04-01	0	0
DM	2020-03-31	0	0
DM	2020-03-30	0	0
DM	2020-03-29	0	0
DM	2020-03-28	0	0
DM	2020-03-27	4	0
DM	2020-03-26	5	0
DM	2020-03-25	1	0
DM	2020-03-24	0	0
DM	2020-03-23	1	0
DO	2020-06-14	564	9
DO	2020-06-13	571	7
DO	2020-06-12	629	11
DO	2020-06-11	393	6
DO	2020-06-10	289	5
DO	2020-06-09	526	1
DO	2020-06-08	405	2
DO	2020-06-07	487	11
DO	2020-06-06	389	5
DO	2020-06-05	279	4
DO	2020-06-04	288	1
DO	2020-06-03	180	13
DO	2020-06-02	287	0
DO	2020-06-01	377	4
DO	2020-05-31	377	10
DO	2020-05-30	463	3
DO	2020-05-29	345	11
DO	2020-05-28	459	6
DO	2020-05-27	191	8
DO	2020-05-26	651	2
DO	2020-05-25	0	0
DO	2020-05-24	433	2
DO	2020-05-23	332	8
DO	2020-05-22	180	2
DO	2020-05-21	254	5
DO	2020-05-20	498	7
DO	2020-05-19	411	6
DO	2020-05-18	421	4
DO	2020-05-17	154	0
DO	2020-05-16	419	2
DO	2020-05-15	124	13
DO	2020-05-14	296	7
DO	2020-05-13	266	9
DO	2020-05-12	287	5
DO	2020-05-11	465	3
DO	2020-05-10	506	5
DO	2020-05-09	281	7
DO	2020-05-08	288	11
DO	2020-05-07	327	8
DO	2020-05-06	245	8
DO	2020-05-05	281	13
DO	2020-05-04	376	7
DO	2020-05-03	290	13
DO	2020-05-02	316	12
DO	2020-05-01	320	8
DO	2020-04-30	236	7
DO	2020-04-29	281	8
DO	2020-04-28	0	0
DO	2020-04-27	209	5
DO	2020-04-26	177	6
DO	2020-04-25	206	2
DO	2020-04-24	243	5
DO	2020-04-23	256	15
DO	2020-04-22	80	10
DO	2020-04-21	284	9
DO	2020-04-20	345	9
DO	2020-04-19	209	17
DO	2020-04-18	371	4
DO	2020-04-17	141	7
DO	2020-04-16	328	6
DO	2020-04-15	119	6
DO	2020-04-14	200	4
DO	2020-04-13	208	38
DO	2020-04-12	139	9
DO	2020-04-11	271	8
DO	2020-04-10	238	10
DO	2020-04-09	155	10
DO	2020-04-08	128	12
DO	2020-04-07	83	4
DO	2020-04-06	167	5
DO	2020-04-05	90	9
DO	2020-04-04	108	8
DO	2020-04-03	96	3
DO	2020-04-02	175	6
DO	2020-04-01	208	9
DO	2020-03-31	42	3
DO	2020-03-30	140	11
DO	2020-03-29	138	8
DO	2020-03-28	93	10
DO	2020-03-27	96	0
DO	2020-03-26	80	4
DO	2020-03-25	67	3
DO	2020-03-24	43	0
DO	2020-03-23	90	0
DO	2020-03-22	78	1
DO	2020-03-21	13	2
DO	2020-03-20	0	0
DO	2020-03-19	10	0
DO	2020-03-18	0	0
DO	2020-03-17	0	0
DO	2020-03-16	0	0
DO	2020-03-15	0	0
DO	2020-03-14	6	0
DO	2020-03-10	3	0
DO	2020-03-07	1	0
DO	2020-03-02	1	0
DO	2020-03-01	0	0
DO	2020-02-29	0	0
DO	2020-02-28	0	0
DO	2020-02-27	0	0
DO	2020-02-26	0	0
DO	2020-02-25	0	0
DO	2020-02-24	0	0
DO	2020-02-23	0	0
DO	2020-02-22	0	0
DO	2020-02-21	0	0
DO	2020-02-20	0	0
DO	2020-02-19	0	0
DO	2020-02-18	0	0
DO	2020-02-17	0	0
DO	2020-02-16	0	0
DO	2020-02-15	0	0
DO	2020-02-14	0	0
DO	2020-02-13	0	0
DO	2020-02-12	0	0
DO	2020-02-11	0	0
DO	2020-02-10	0	0
DO	2020-02-09	0	0
DO	2020-02-08	0	0
DO	2020-02-07	0	0
DO	2020-02-06	0	0
DO	2020-02-05	0	0
DO	2020-02-04	0	0
DO	2020-02-03	0	0
DO	2020-02-02	0	0
DO	2020-02-01	0	0
DO	2020-01-31	0	0
DO	2020-01-30	0	0
DO	2020-01-29	0	0
DO	2020-01-28	0	0
DO	2020-01-27	0	0
DO	2020-01-26	0	0
DO	2020-01-25	0	0
DO	2020-01-24	0	0
DO	2020-01-23	0	0
DO	2020-01-22	0	0
DO	2020-01-21	0	0
DO	2020-01-20	0	0
DO	2020-01-19	0	0
DO	2020-01-18	0	0
DO	2020-01-17	0	0
DO	2020-01-16	0	0
DO	2020-01-15	0	0
DO	2020-01-14	0	0
DO	2020-01-13	0	0
DO	2020-01-12	0	0
DO	2020-01-11	0	0
DO	2020-01-10	0	0
DO	2020-01-09	0	0
DO	2020-01-08	0	0
DO	2020-01-07	0	0
DO	2020-01-06	0	0
DO	2020-01-05	0	0
DO	2020-01-04	0	0
DO	2020-01-03	0	0
DO	2020-01-02	0	0
DO	2020-01-01	0	0
DO	2019-12-31	0	0
EC	2020-06-14	578	46
EC	2020-06-13	1338	108
EC	2020-06-12	0	0
EC	2020-06-11	523	30
EC	2020-06-10	539	48
EC	2020-06-09	258	21
EC	2020-06-08	392	13
EC	2020-06-07	1153	74
EC	2020-06-06	609	48
EC	2020-06-05	0	0
EC	2020-06-04	552	48
EC	2020-06-03	420	44
EC	2020-06-02	896	36
EC	2020-06-01	527	24
EC	2020-05-31	0	0
EC	2020-05-30	100	21
EC	2020-05-29	368	38
EC	2020-05-28	748	72
EC	2020-05-27	0	0
EC	2020-05-26	599	95
EC	2020-05-25	498	12
EC	2020-05-24	430	40
EC	2020-05-23	522	117
EC	2020-05-22	452	51
EC	2020-05-21	703	49
EC	2020-05-20	569	40
EC	2020-05-19	400	63
EC	2020-05-18	419	48
EC	2020-05-17	1296	94
EC	2020-05-16	965	256
EC	2020-05-15	16	4
EC	2020-05-14	67	7
EC	2020-05-13	910	182
EC	2020-05-11	488	410
EC	2020-05-10	253	13
EC	2020-05-08	878	36
EC	2020-05-06	0	0
EC	2020-05-05	2343	5
EC	2020-05-04	2074	193
EC	2020-05-03	1128	308
EC	2020-05-02	1402	163
EC	2020-05-01	259	17
EC	2020-04-30	417	12
EC	2020-04-29	1018	208
EC	2020-04-28	521	87
EC	2020-04-27	11536	0
EC	2020-04-26	0	0
EC	2020-04-25	0	16
EC	2020-04-24	333	23
EC	2020-04-23	452	17
EC	2020-04-22	270	13
EC	2020-04-21	660	33
EC	2020-04-20	446	18
EC	2020-04-19	572	35
EC	2020-04-18	225	18
EC	2020-04-17	367	15
EC	2020-04-16	255	33
EC	2020-04-15	74	0
EC	2020-04-14	63	22
EC	2020-04-13	209	18
EC	2020-04-12	96	18
EC	2020-04-11	2196	25
EC	2020-04-10	515	30
EC	2020-04-09	455	22
EC	2020-04-08	248	29
EC	2020-04-07	101	11
EC	2020-04-06	181	8
EC	2020-04-05	97	27
EC	2020-04-04	205	25
EC	2020-04-03	405	0
EC	2020-04-02	456	41
EC	2020-04-01	336	17
EC	2020-03-31	76	4
EC	2020-03-30	55	10
EC	2020-03-29	208	7
EC	2020-03-28	224	7
EC	2020-03-27	192	5
EC	2020-03-26	129	2
EC	2020-03-25	101	9
EC	2020-03-24	192	4
EC	2020-03-23	257	7
EC	2020-03-22	106	0
EC	2020-03-21	227	4
EC	2020-03-20	31	0
EC	2020-03-19	57	1
EC	2020-03-18	53	0
EC	2020-03-17	21	0
EC	2020-03-16	9	0
EC	2020-03-15	5	1
EC	2020-03-14	6	1
EC	2020-03-11	2	0
EC	2020-03-10	1	0
EC	2020-03-09	1	0
EC	2020-03-06	3	0
EC	2020-03-05	3	0
EC	2020-03-03	1	0
EC	2020-03-02	5	0
EC	2020-03-01	1	0
EC	2020-02-29	0	0
EC	2020-02-28	0	0
EC	2020-02-27	0	0
EC	2020-02-26	0	0
EC	2020-02-25	0	0
EC	2020-02-24	0	0
EC	2020-02-23	0	0
EC	2020-02-22	0	0
EC	2020-02-21	0	0
EC	2020-02-20	0	0
EC	2020-02-19	0	0
EC	2020-02-18	0	0
EC	2020-02-17	0	0
EC	2020-02-16	0	0
EC	2020-02-15	0	0
EC	2020-02-14	0	0
EC	2020-02-13	0	0
EC	2020-02-12	0	0
EC	2020-02-11	0	0
EC	2020-02-10	0	0
EC	2020-02-09	0	0
EC	2020-02-08	0	0
EC	2020-02-07	0	0
EC	2020-02-06	0	0
EC	2020-02-05	0	0
EC	2020-02-04	0	0
EC	2020-02-03	0	0
EC	2020-02-02	0	0
EC	2020-02-01	0	0
EC	2020-01-31	0	0
EC	2020-01-30	0	0
EC	2020-01-29	0	0
EC	2020-01-28	0	0
EC	2020-01-27	0	0
EC	2020-01-26	0	0
EC	2020-01-25	0	0
EC	2020-01-24	0	0
EC	2020-01-23	0	0
EC	2020-01-22	0	0
EC	2020-01-21	0	0
EC	2020-01-20	0	0
EC	2020-01-19	0	0
EC	2020-01-18	0	0
EC	2020-01-17	0	0
EC	2020-01-16	0	0
EC	2020-01-15	0	0
EC	2020-01-14	0	0
EC	2020-01-13	0	0
EC	2020-01-12	0	0
EC	2020-01-11	0	0
EC	2020-01-10	0	0
EC	2020-01-09	0	0
EC	2020-01-08	0	0
EC	2020-01-07	0	0
EC	2020-01-06	0	0
EC	2020-01-05	0	0
EC	2020-01-04	0	0
EC	2020-01-03	0	0
EC	2020-01-02	0	0
EC	2020-01-01	0	0
EC	2019-12-31	0	0
EG	2020-06-14	1676	62
EG	2020-06-13	1578	45
EG	2020-06-12	1442	35
EG	2020-06-11	1455	36
EG	2020-06-10	1385	35
EG	2020-06-09	1365	34
EG	2020-06-08	1467	39
EG	2020-06-07	1497	32
EG	2020-06-06	1348	40
EG	2020-06-05	1152	38
EG	2020-06-04	1079	36
EG	2020-06-03	1152	47
EG	2020-06-02	1399	46
EG	2020-06-01	1536	46
EG	2020-05-31	1367	34
EG	2020-05-30	1289	34
EG	2020-05-29	1127	29
EG	2020-05-28	910	19
EG	2020-05-27	789	14
EG	2020-05-26	702	19
EG	2020-05-25	652	29
EG	2020-05-24	827	28
EG	2020-05-23	783	11
EG	2020-05-22	774	16
EG	2020-05-21	745	21
EG	2020-05-20	720	14
EG	2020-05-19	535	15
EG	2020-05-18	510	18
EG	2020-05-17	491	20
EG	2020-05-16	399	21
EG	2020-05-15	398	15
EG	2020-05-14	338	12
EG	2020-05-13	347	11
EG	2020-05-12	346	8
EG	2020-05-11	436	11
EG	2020-05-10	488	11
EG	2020-05-09	495	21
EG	2020-05-08	393	13
EG	2020-05-07	387	17
EG	2020-05-06	388	16
EG	2020-05-05	348	7
EG	2020-05-04	272	14
EG	2020-05-03	298	9
EG	2020-05-02	358	14
EG	2020-05-01	269	12
EG	2020-04-30	226	21
EG	2020-04-29	260	22
EG	2020-04-28	463	30
EG	2020-04-27	0	0
EG	2020-04-26	227	13
EG	2020-04-25	433	18
EG	2020-04-24	169	12
EG	2020-04-23	0	0
EG	2020-04-22	157	14
EG	2020-04-21	189	11
EG	2020-04-20	112	15
EG	2020-04-19	188	19
EG	2020-04-18	171	9
EG	2020-04-17	168	13
EG	2020-04-16	155	5
EG	2020-04-15	160	14
EG	2020-04-14	125	5
EG	2020-04-13	126	13
EG	2020-04-12	145	11
EG	2020-04-11	95	17
EG	2020-04-10	139	15
EG	2020-04-09	238	18
EG	2020-04-08	249	7
EG	2020-04-07	3	7
EG	2020-04-06	85	5
EG	2020-04-05	206	14
EG	2020-04-04	0	0
EG	2020-04-03	69	6
EG	2020-04-02	54	5
EG	2020-04-01	47	1
EG	2020-03-31	33	4
EG	2020-03-30	40	6
EG	2020-03-29	41	6
EG	2020-03-28	39	3
EG	2020-03-27	14	0
EG	2020-03-26	76	2
EG	2020-03-25	39	5
EG	2020-03-24	33	4
EG	2020-03-23	9	2
EG	2020-03-22	29	1
EG	2020-03-21	46	1
EG	2020-03-20	14	0
EG	2020-03-19	30	2
EG	2020-03-18	40	2
EG	2020-03-17	16	0
EG	2020-03-16	17	0
EG	2020-03-15	0	0
EG	2020-03-14	13	0
EG	2020-03-13	20	1
EG	2020-03-12	1	0
EG	2020-03-11	4	0
EG	2020-03-10	6	0
EG	2020-03-09	34	1
EG	2020-03-07	12	0
EG	2020-03-06	1	0
EG	2020-03-02	1	0
EG	2020-03-01	0	0
EG	2020-02-29	0	0
EG	2020-02-28	0	0
EG	2020-02-27	0	0
EG	2020-02-26	0	0
EG	2020-02-25	0	0
EG	2020-02-24	0	0
EG	2020-02-23	0	0
EG	2020-02-22	0	0
EG	2020-02-21	0	0
EG	2020-02-20	0	0
EG	2020-02-19	0	0
EG	2020-02-18	0	0
EG	2020-02-17	0	0
EG	2020-02-16	0	0
EG	2020-02-15	1	0
EG	2020-02-14	0	0
EG	2020-02-13	0	0
EG	2020-02-12	0	0
EG	2020-02-11	0	0
EG	2020-02-10	0	0
EG	2020-02-09	0	0
EG	2020-02-08	0	0
EG	2020-02-07	0	0
EG	2020-02-06	0	0
EG	2020-02-05	0	0
EG	2020-02-04	0	0
EG	2020-02-03	0	0
EG	2020-02-02	0	0
EG	2020-02-01	0	0
EG	2020-01-31	0	0
EG	2020-01-30	0	0
EG	2020-01-29	0	0
EG	2020-01-28	0	0
EG	2020-01-27	0	0
EG	2020-01-26	0	0
EG	2020-01-25	0	0
EG	2020-01-24	0	0
EG	2020-01-23	0	0
EG	2020-01-22	0	0
EG	2020-01-21	0	0
EG	2020-01-20	0	0
EG	2020-01-19	0	0
EG	2020-01-18	0	0
EG	2020-01-17	0	0
EG	2020-01-16	0	0
EG	2020-01-15	0	0
EG	2020-01-14	0	0
EG	2020-01-13	0	0
EG	2020-01-12	0	0
EG	2020-01-11	0	0
EG	2020-01-10	0	0
EG	2020-01-09	0	0
EG	2020-01-08	0	0
EG	2020-01-07	0	0
EG	2020-01-06	0	0
EG	2020-01-05	0	0
EG	2020-01-04	0	0
EG	2020-01-03	0	0
EG	2020-01-02	0	0
EG	2020-01-01	0	0
EG	2019-12-31	0	0
SV	2020-06-14	122	0
SV	2020-06-13	0	4
SV	2020-06-12	207	4
SV	2020-06-11	83	4
SV	2020-06-10	87	2
SV	2020-06-09	89	3
SV	2020-06-08	81	2
SV	2020-06-07	85	0
SV	2020-06-06	68	1
SV	2020-06-05	76	1
SV	2020-06-04	52	2
SV	2020-06-03	71	3
SV	2020-06-02	65	0
SV	2020-06-01	0	0
SV	2020-05-31	239	3
SV	2020-05-30	84	4
SV	2020-05-29	85	0
SV	2020-05-28	67	3
SV	2020-05-27	59	0
SV	2020-05-26	68	1
SV	2020-05-25	96	0
SV	2020-05-24	94	2
SV	2020-05-23	85	0
SV	2020-05-22	69	1
SV	2020-05-21	73	1
SV	2020-05-20	85	1
SV	2020-05-19	75	0
SV	2020-05-18	73	4
SV	2020-05-17	0	1
SV	2020-05-16	55	2
SV	2020-05-15	98	3
SV	2020-05-14	75	0
SV	2020-05-13	39	2
SV	2020-05-12	40	1
SV	2020-05-11	69	0
SV	2020-05-10	105	1
SV	2020-05-09	89	1
SV	2020-05-08	0	0
SV	2020-05-07	108	1
SV	2020-05-06	0	1
SV	2020-05-05	32	1
SV	2020-05-04	109	1
SV	2020-05-03	0	1
SV	2020-05-02	22	0
SV	2020-05-01	47	1
SV	2020-04-30	32	0
SV	2020-04-29	22	1
SV	2020-04-28	25	0
SV	2020-04-27	0	0
SV	2020-04-26	37	0
SV	2020-04-25	11	0
SV	2020-04-24	13	0
SV	2020-04-23	12	1
SV	2020-04-22	7	0
SV	2020-04-21	17	0
SV	2020-04-20	11	0
SV	2020-04-19	13	0
SV	2020-04-18	13	1
SV	2020-04-17	5	0
SV	2020-04-16	0	0
SV	2020-04-15	10	0
SV	2020-04-14	24	0
SV	2020-04-13	7	0
SV	2020-04-12	0	0
SV	2020-04-11	1	0
SV	2020-04-10	14	1
SV	2020-04-09	25	1
SV	2020-04-08	0	0
SV	2020-04-07	9	1
SV	2020-04-06	7	0
SV	2020-04-05	6	0
SV	2020-04-04	10	1
SV	2020-04-03	5	0
SV	2020-04-02	9	1
SV	2020-04-01	0	1
SV	2020-03-31	2	0
SV	2020-03-30	11	0
SV	2020-03-29	6	0
SV	2020-03-28	0	0
SV	2020-03-27	0	0
SV	2020-03-26	4	0
SV	2020-03-25	4	0
SV	2020-03-24	2	0
SV	2020-03-23	0	0
SV	2020-03-22	0	0
SV	2020-03-21	2	0
SV	2020-03-20	0	0
SV	2020-03-19	1	0
GQ	2020-06-14	0	0
GQ	2020-06-13	0	0
GQ	2020-06-12	0	0
GQ	2020-06-11	0	0
GQ	2020-06-10	0	0
GQ	2020-06-09	0	0
GQ	2020-06-08	0	0
GQ	2020-06-07	0	0
GQ	2020-06-06	0	0
GQ	2020-06-05	0	0
GQ	2020-06-04	0	0
GQ	2020-06-03	0	0
GQ	2020-06-02	0	0
GQ	2020-06-01	0	0
GQ	2020-05-31	263	0
GQ	2020-05-30	0	0
GQ	2020-05-29	0	0
GQ	2020-05-28	0	0
GQ	2020-05-27	0	0
GQ	2020-05-26	0	0
GQ	2020-05-25	0	0
GQ	2020-05-24	140	2
GQ	2020-05-23	0	0
GQ	2020-05-22	13	3
GQ	2020-05-21	0	0
GQ	2020-05-20	171	0
GQ	2020-05-19	125	0
GQ	2020-05-18	0	0
GQ	2020-05-17	0	0
GQ	2020-05-16	0	0
GQ	2020-05-15	72	1
GQ	2020-05-14	83	2
GQ	2020-05-13	0	0
GQ	2020-05-12	0	0
GQ	2020-05-11	0	0
GQ	2020-05-10	0	0
GQ	2020-05-09	0	0
GQ	2020-05-08	0	0
GQ	2020-05-07	0	0
GQ	2020-05-06	124	2
GQ	2020-05-05	0	1
GQ	2020-05-04	0	0
GQ	2020-05-03	0	0
GQ	2020-05-02	0	0
GQ	2020-05-01	0	0
GQ	2020-04-30	0	0
GQ	2020-04-29	57	0
GQ	2020-04-28	0	0
GQ	2020-04-27	44	0
GQ	2020-04-26	2	0
GQ	2020-04-25	128	0
GQ	2020-04-24	1	1
GQ	2020-04-23	4	0
GQ	2020-04-22	0	0
GQ	2020-04-21	0	0
GQ	2020-04-20	0	0
GQ	2020-04-19	0	0
GQ	2020-04-18	28	0
GQ	2020-04-17	0	0
GQ	2020-04-16	10	0
GQ	2020-04-15	20	0
GQ	2020-04-14	0	0
GQ	2020-04-13	3	0
GQ	2020-04-12	0	0
GQ	2020-04-11	0	0
GQ	2020-04-10	0	0
GQ	2020-04-09	2	0
GQ	2020-04-08	0	0
GQ	2020-04-07	0	0
GQ	2020-04-06	0	0
GQ	2020-04-05	0	0
GQ	2020-04-04	1	0
GQ	2020-04-03	0	0
GQ	2020-04-02	0	0
GQ	2020-04-01	1	0
GQ	2020-03-31	0	0
GQ	2020-03-30	1	0
GQ	2020-03-29	0	0
GQ	2020-03-28	1	0
GQ	2020-03-27	1	0
GQ	2020-03-26	2	0
GQ	2020-03-25	0	0
GQ	2020-03-24	3	0
GQ	2020-03-23	0	0
GQ	2020-03-22	2	0
GQ	2020-03-21	0	0
GQ	2020-03-20	1	0
GQ	2020-03-19	2	0
GQ	2020-03-18	0	0
GQ	2020-03-17	0	0
GQ	2020-03-16	0	0
GQ	2020-03-15	1	0
ER	2020-06-14	24	0
ER	2020-06-13	0	0
ER	2020-06-12	0	0
ER	2020-06-11	0	0
ER	2020-06-10	0	0
ER	2020-06-09	0	0
ER	2020-06-08	0	0
ER	2020-06-07	0	0
ER	2020-06-06	0	0
ER	2020-06-05	1	0
ER	2020-06-04	1	0
ER	2020-06-03	0	0
ER	2020-06-02	0	0
ER	2020-06-01	0	0
ER	2020-05-31	0	0
ER	2020-05-30	0	0
ER	2020-05-29	0	0
ER	2020-05-28	0	0
ER	2020-05-27	0	0
ER	2020-05-26	0	0
ER	2020-05-25	0	0
ER	2020-05-24	0	0
ER	2020-05-23	0	0
ER	2020-05-22	0	0
ER	2020-05-21	0	0
ER	2020-05-20	0	0
ER	2020-05-19	0	0
ER	2020-05-18	0	0
ER	2020-05-17	0	0
ER	2020-05-16	0	0
ER	2020-05-15	0	0
ER	2020-05-14	0	0
ER	2020-05-13	0	0
ER	2020-05-12	0	0
ER	2020-05-11	0	0
ER	2020-05-10	0	0
ER	2020-05-09	0	0
ER	2020-05-08	0	0
ER	2020-05-07	0	0
ER	2020-05-06	0	0
ER	2020-05-05	0	0
ER	2020-05-04	0	0
ER	2020-05-03	0	0
ER	2020-05-02	0	0
ER	2020-05-01	0	0
ER	2020-04-30	0	0
ER	2020-04-29	0	0
ER	2020-04-28	0	0
ER	2020-04-27	0	0
ER	2020-04-26	0	0
ER	2020-04-25	0	0
ER	2020-04-24	0	0
ER	2020-04-23	0	0
ER	2020-04-22	0	0
ER	2020-04-21	0	0
ER	2020-04-20	4	0
ER	2020-04-19	0	0
ER	2020-04-18	0	0
ER	2020-04-17	0	0
ER	2020-04-16	0	0
ER	2020-04-15	1	0
ER	2020-04-14	0	0
ER	2020-04-13	0	0
ER	2020-04-12	0	0
ER	2020-04-11	1	0
ER	2020-04-10	0	0
ER	2020-04-09	2	0
ER	2020-04-08	0	0
ER	2020-04-07	2	0
ER	2020-04-06	0	0
ER	2020-04-05	7	0
ER	2020-04-04	0	0
ER	2020-04-03	4	0
ER	2020-04-02	3	0
ER	2020-04-01	3	0
ER	2020-03-31	0	0
ER	2020-03-30	6	0
ER	2020-03-29	0	0
ER	2020-03-28	0	0
ER	2020-03-27	2	0
ER	2020-03-26	3	0
ER	2020-03-25	0	0
ER	2020-03-24	0	0
ER	2020-03-23	0	0
ER	2020-03-22	1	0
EE	2020-06-14	3	0
EE	2020-06-13	5	0
EE	2020-06-12	7	0
EE	2020-06-11	11	0
EE	2020-06-10	7	0
EE	2020-06-09	1	0
EE	2020-06-08	8	0
EE	2020-06-07	21	0
EE	2020-06-06	20	0
EE	2020-06-05	10	0
EE	2020-06-04	10	1
EE	2020-06-03	0	0
EE	2020-06-02	1	0
EE	2020-06-01	4	1
EE	2020-05-31	6	0
EE	2020-05-30	8	1
EE	2020-05-29	11	0
EE	2020-05-28	6	1
EE	2020-05-27	10	0
EE	2020-05-26	1	1
EE	2020-05-25	2	0
EE	2020-05-24	14	0
EE	2020-05-23	7	0
EE	2020-05-22	6	0
EE	2020-05-21	3	0
EE	2020-05-20	7	0
EE	2020-05-19	10	1
EE	2020-05-18	4	0
EE	2020-05-17	4	0
EE	2020-05-16	8	1
EE	2020-05-15	7	1
EE	2020-05-14	5	0
EE	2020-05-13	5	0
EE	2020-05-12	2	1
EE	2020-05-11	6	0
EE	2020-05-10	8	4
EE	2020-05-09	5	0
EE	2020-05-08	7	1
EE	2020-05-07	2	0
EE	2020-05-06	8	0
EE	2020-05-05	3	0
EE	2020-05-04	1	2
EE	2020-05-03	5	1
EE	2020-05-02	5	0
EE	2020-05-01	23	2
EE	2020-04-30	6	0
EE	2020-04-29	13	0
EE	2020-04-28	4	1
EE	2020-04-27	8	3
EE	2020-04-26	30	0
EE	2020-04-25	13	1
EE	2020-04-24	33	1
EE	2020-04-23	7	1
EE	2020-04-22	17	3
EE	2020-04-21	7	0
EE	2020-04-20	16	2
EE	2020-04-19	53	0
EE	2020-04-18	25	2
EE	2020-04-17	32	1
EE	2020-04-16	29	4
EE	2020-04-15	41	3
EE	2020-04-14	23	3
EE	2020-04-13	5	1
EE	2020-04-12	46	0
EE	2020-04-11	51	0
EE	2020-04-10	22	0
EE	2020-04-09	36	3
EE	2020-04-08	41	2
EE	2020-04-07	11	4
EE	2020-04-06	79	2
EE	2020-04-05	57	1
EE	2020-04-04	103	1
EE	2020-04-03	79	6
EE	2020-04-02	34	1
EE	2020-04-01	30	1
EE	2020-03-31	36	0
EE	2020-03-30	39	2
EE	2020-03-29	65	0
EE	2020-03-28	37	0
EE	2020-03-27	134	0
EE	2020-03-26	35	1
EE	2020-03-25	17	0
EE	2020-03-24	26	0
EE	2020-03-23	20	0
EE	2020-03-22	23	0
EE	2020-03-21	16	0
EE	2020-03-20	9	0
EE	2020-03-19	33	0
EE	2020-03-18	20	0
EE	2020-03-17	34	0
EE	2020-03-16	56	0
EE	2020-03-15	36	0
EE	2020-03-14	52	0
EE	2020-03-13	11	0
EE	2020-03-12	3	0
EE	2020-03-11	3	0
EE	2020-03-07	5	0
EE	2020-03-06	3	0
EE	2020-03-04	1	0
EE	2020-03-02	0	0
EE	2020-03-01	0	0
EE	2020-02-29	0	0
EE	2020-02-28	1	0
EE	2020-02-27	0	0
EE	2020-02-26	0	0
EE	2020-02-25	0	0
EE	2020-02-24	0	0
EE	2020-02-23	0	0
EE	2020-02-22	0	0
EE	2020-02-21	0	0
EE	2020-02-20	0	0
EE	2020-02-19	0	0
EE	2020-02-18	0	0
EE	2020-02-17	0	0
EE	2020-02-16	0	0
EE	2020-02-15	0	0
EE	2020-02-14	0	0
EE	2020-02-13	0	0
EE	2020-02-12	0	0
EE	2020-02-11	0	0
EE	2020-02-10	0	0
EE	2020-02-09	0	0
EE	2020-02-08	0	0
EE	2020-02-07	0	0
EE	2020-02-06	0	0
EE	2020-02-05	0	0
EE	2020-02-04	0	0
EE	2020-02-03	0	0
EE	2020-02-02	0	0
EE	2020-02-01	0	0
EE	2020-01-31	0	0
EE	2020-01-30	0	0
EE	2020-01-29	0	0
EE	2020-01-28	0	0
EE	2020-01-27	0	0
EE	2020-01-26	0	0
EE	2020-01-25	0	0
EE	2020-01-24	0	0
EE	2020-01-23	0	0
EE	2020-01-22	0	0
EE	2020-01-21	0	0
EE	2020-01-20	0	0
EE	2020-01-19	0	0
EE	2020-01-18	0	0
EE	2020-01-17	0	0
EE	2020-01-16	0	0
EE	2020-01-15	0	0
EE	2020-01-14	0	0
EE	2020-01-13	0	0
EE	2020-01-12	0	0
EE	2020-01-11	0	0
EE	2020-01-10	0	0
EE	2020-01-09	0	0
EE	2020-01-08	0	0
EE	2020-01-07	0	0
EE	2020-01-06	0	0
EE	2020-01-05	0	0
EE	2020-01-04	0	0
EE	2020-01-03	0	0
EE	2020-01-02	0	0
EE	2020-01-01	0	0
EE	2019-12-31	0	0
SZ	2020-06-14	14	0
SZ	2020-06-13	23	0
SZ	2020-06-12	51	0
SZ	2020-06-11	27	0
SZ	2020-06-10	31	0
SZ	2020-06-09	7	0
SZ	2020-06-08	11	0
SZ	2020-06-07	17	0
SZ	2020-06-06	5	0
SZ	2020-06-05	5	0
SZ	2020-06-04	2	0
SZ	2020-06-03	0	0
SZ	2020-06-02	8	1
SZ	2020-06-01	2	0
SZ	2020-05-31	4	0
SZ	2020-05-30	0	0
SZ	2020-05-29	7	0
SZ	2020-05-28	11	0
SZ	2020-05-27	5	0
SZ	2020-05-26	6	0
SZ	2020-05-25	12	0
SZ	2020-05-24	18	0
SZ	2020-05-23	0	0
SZ	2020-05-22	3	0
SZ	2020-05-21	9	0
SZ	2020-05-20	5	0
SZ	2020-05-19	0	0
SZ	2020-05-18	1	0
SZ	2020-05-17	12	0
SZ	2020-05-16	3	0
SZ	2020-05-15	0	0
SZ	2020-05-14	3	0
SZ	2020-05-13	9	0
SZ	2020-05-12	3	0
SZ	2020-05-11	9	0
SZ	2020-05-10	4	0
SZ	2020-05-09	6	0
SZ	2020-05-08	30	0
SZ	2020-05-07	7	1
SZ	2020-05-06	0	0
SZ	2020-05-05	4	0
SZ	2020-05-04	4	0
SZ	2020-05-03	2	0
SZ	2020-05-02	6	0
SZ	2020-05-01	9	0
SZ	2020-04-30	20	0
SZ	2020-04-29	6	0
SZ	2020-04-28	6	0
SZ	2020-04-27	19	0
SZ	2020-04-26	0	0
SZ	2020-04-25	8	0
SZ	2020-04-24	1	0
SZ	2020-04-23	7	0
SZ	2020-04-22	0	0
SZ	2020-04-21	2	0
SZ	2020-04-20	3	0
SZ	2020-04-19	0	0
SZ	2020-04-18	3	1
SZ	2020-04-17	0	0
SZ	2020-04-16	1	0
SZ	2020-04-15	0	0
SZ	2020-04-14	1	0
SZ	2020-04-13	0	0
SZ	2020-04-12	2	0
SZ	2020-04-11	0	0
SZ	2020-04-10	0	0
SZ	2020-04-09	2	0
SZ	2020-04-08	0	0
SZ	2020-04-07	1	0
SZ	2020-04-06	0	0
SZ	2020-04-05	0	0
SZ	2020-04-04	0	0
SZ	2020-04-03	0	0
SZ	2020-04-02	0	0
SZ	2020-04-01	0	0
SZ	2020-03-31	0	0
SZ	2020-03-30	0	0
SZ	2020-03-29	0	0
SZ	2020-03-28	3	0
SZ	2020-03-27	2	0
SZ	2020-03-26	0	0
SZ	2020-03-25	0	0
SZ	2020-03-24	0	0
SZ	2020-03-23	3	0
SZ	2020-03-22	0	0
SZ	2020-03-21	0	0
SZ	2020-03-20	0	0
SZ	2020-03-19	0	0
SZ	2020-03-18	0	0
SZ	2020-03-17	0	0
SZ	2020-03-16	0	0
SZ	2020-03-15	1	0
ET	2020-06-14	251	8
ET	2020-06-13	245	7
ET	2020-06-12	164	5
ET	2020-06-11	170	3
ET	2020-06-10	180	5
ET	2020-06-09	136	0
ET	2020-06-08	86	7
ET	2020-06-07	129	1
ET	2020-06-06	169	1
ET	2020-06-05	150	1
ET	2020-06-04	142	3
ET	2020-06-03	87	2
ET	2020-06-02	85	1
ET	2020-06-01	109	3
ET	2020-05-31	95	0
ET	2020-05-30	137	1
ET	2020-05-29	100	1
ET	2020-05-28	30	0
ET	2020-05-27	46	1
ET	2020-05-26	73	0
ET	2020-05-25	88	0
ET	2020-05-24	61	0
ET	2020-05-23	34	0
ET	2020-05-22	10	0
ET	2020-05-21	24	0
ET	2020-05-20	13	0
ET	2020-05-19	35	0
ET	2020-05-18	11	0
ET	2020-05-17	19	0
ET	2020-05-16	15	0
ET	2020-05-15	9	0
ET	2020-05-14	2	0
ET	2020-05-13	11	0
ET	2020-05-12	11	0
ET	2020-05-11	29	0
ET	2020-05-10	16	1
ET	2020-05-09	3	0
ET	2020-05-08	29	0
ET	2020-05-07	17	0
ET	2020-05-06	5	1
ET	2020-05-05	5	0
ET	2020-05-04	2	0
ET	2020-05-03	0	0
ET	2020-05-02	2	0
ET	2020-05-01	1	0
ET	2020-04-30	4	0
ET	2020-04-29	2	0
ET	2020-04-28	1	0
ET	2020-04-27	1	0
ET	2020-04-26	5	0
ET	2020-04-25	1	0
ET	2020-04-24	0	0
ET	2020-04-23	2	0
ET	2020-04-22	3	0
ET	2020-04-21	3	0
ET	2020-04-20	3	0
ET	2020-04-19	9	0
ET	2020-04-18	4	0
ET	2020-04-17	7	0
ET	2020-04-16	3	0
ET	2020-04-15	8	0
ET	2020-04-14	3	0
ET	2020-04-13	2	0
ET	2020-04-12	4	1
ET	2020-04-11	9	0
ET	2020-04-10	1	0
ET	2020-04-09	3	0
ET	2020-04-08	8	0
ET	2020-04-07	1	0
ET	2020-04-06	5	2
ET	2020-04-05	3	0
ET	2020-04-04	6	0
ET	2020-04-03	0	0
ET	2020-04-02	4	0
ET	2020-04-01	2	0
ET	2020-03-31	7	0
ET	2020-03-30	0	0
ET	2020-03-29	0	0
ET	2020-03-28	4	0
ET	2020-03-27	0	0
ET	2020-03-26	1	0
ET	2020-03-25	0	0
ET	2020-03-24	0	0
ET	2020-03-23	2	0
ET	2020-03-22	0	0
ET	2020-03-21	2	0
ET	2020-03-20	1	0
ET	2020-03-19	1	0
ET	2020-03-18	0	0
ET	2020-03-17	1	0
ET	2020-03-16	3	0
ET	2020-03-15	0	0
ET	2020-03-14	1	0
FK	2020-06-14	0	0
FK	2020-06-13	0	0
FK	2020-06-12	0	0
FK	2020-06-11	0	0
FK	2020-06-10	0	0
FK	2020-06-09	0	0
FK	2020-06-08	0	0
FK	2020-06-07	0	0
FK	2020-06-06	0	0
FK	2020-06-05	0	0
FK	2020-06-04	0	0
FK	2020-06-03	0	0
FK	2020-06-02	0	0
FK	2020-06-01	0	0
FK	2020-05-31	0	0
FK	2020-05-30	0	0
FK	2020-05-29	0	0
FK	2020-05-28	0	0
FK	2020-05-27	0	0
FK	2020-05-26	0	0
FK	2020-05-25	0	0
FK	2020-05-24	0	0
FK	2020-05-23	0	0
FK	2020-05-22	0	0
FK	2020-05-21	0	0
FK	2020-05-20	0	0
FK	2020-05-19	0	0
FK	2020-05-18	0	0
FK	2020-05-17	0	0
FK	2020-05-16	0	0
FK	2020-05-15	0	0
FK	2020-05-14	0	0
FK	2020-05-13	0	0
FK	2020-05-12	0	0
FK	2020-05-11	0	0
FK	2020-05-10	0	0
FK	2020-05-09	0	0
FK	2020-05-08	0	0
FK	2020-05-07	0	0
FK	2020-05-06	0	0
FK	2020-05-05	0	0
FK	2020-05-04	0	0
FK	2020-05-03	0	0
FK	2020-05-02	0	0
FK	2020-05-01	0	0
FK	2020-04-30	0	0
FK	2020-04-29	0	0
FK	2020-04-28	0	0
FK	2020-04-27	0	0
FK	2020-04-26	1	0
FK	2020-04-25	0	0
FK	2020-04-24	0	0
FK	2020-04-23	0	0
FK	2020-04-22	1	0
FK	2020-04-21	0	0
FK	2020-04-20	0	0
FK	2020-04-19	0	0
FK	2020-04-18	0	0
FK	2020-04-17	0	0
FK	2020-04-16	0	0
FK	2020-04-15	6	0
FK	2020-04-14	0	0
FK	2020-04-13	0	0
FK	2020-04-12	0	0
FK	2020-04-11	0	0
FK	2020-04-10	0	0
FK	2020-04-09	0	0
FK	2020-04-08	3	0
FK	2020-04-07	0	0
FK	2020-04-06	1	0
FK	2020-04-05	0	0
FK	2020-04-04	1	0
FO	2020-06-14	0	0
FO	2020-06-13	0	0
FO	2020-06-12	0	0
FO	2020-06-11	0	0
FO	2020-06-10	0	0
FO	2020-06-09	0	0
FO	2020-06-08	0	0
FO	2020-06-07	0	0
FO	2020-06-06	0	0
FO	2020-06-05	0	0
FO	2020-06-04	0	0
FO	2020-06-03	0	0
FO	2020-06-02	0	0
FO	2020-06-01	0	0
FO	2020-05-31	0	0
FO	2020-05-30	0	0
FO	2020-05-29	0	0
FO	2020-05-28	0	0
FO	2020-05-27	0	0
FO	2020-05-26	0	0
FO	2020-05-25	0	0
FO	2020-05-24	0	0
FO	2020-05-23	0	0
FO	2020-05-22	0	0
FO	2020-05-21	0	0
FO	2020-05-20	0	0
FO	2020-05-19	0	0
FO	2020-05-18	0	0
FO	2020-05-17	0	0
FO	2020-05-16	0	0
FO	2020-05-15	0	0
FO	2020-05-14	0	0
FO	2020-05-13	0	0
FO	2020-05-12	0	0
FO	2020-05-11	0	0
FO	2020-05-10	0	0
FO	2020-05-09	0	0
FO	2020-05-08	0	0
FO	2020-05-07	0	0
FO	2020-05-06	0	0
FO	2020-05-05	0	0
FO	2020-05-04	0	0
FO	2020-05-03	0	0
FO	2020-05-02	0	0
FO	2020-05-01	0	0
FO	2020-04-30	0	0
FO	2020-04-29	0	0
FO	2020-04-28	0	0
FO	2020-04-27	0	0
FO	2020-04-26	0	0
FO	2020-04-25	0	0
FO	2020-04-24	2	0
FO	2020-04-23	0	0
FO	2020-04-22	0	0
FO	2020-04-21	0	0
FO	2020-04-20	1	0
FO	2020-04-19	0	0
FO	2020-04-18	0	0
FO	2020-04-17	0	0
FO	2020-04-16	0	0
FO	2020-04-15	0	0
FO	2020-04-14	0	0
FO	2020-04-13	0	0
FO	2020-04-12	0	0
FO	2020-04-11	0	0
FO	2020-04-10	0	0
FO	2020-04-09	0	0
FO	2020-04-08	1	0
FO	2020-04-07	2	0
FO	2020-04-06	0	0
FO	2020-04-05	2	0
FO	2020-04-04	2	0
FO	2020-04-03	4	0
FO	2020-04-02	4	0
FO	2020-04-01	1	0
FO	2020-03-31	9	0
FO	2020-03-30	4	0
FO	2020-03-29	11	0
FO	2020-03-28	4	0
FO	2020-03-27	8	0
FO	2020-03-26	10	0
FO	2020-03-25	4	0
FO	2020-03-24	3	0
FO	2020-03-23	23	0
FO	2020-03-22	12	0
FO	2020-03-21	8	0
FO	2020-03-20	72	0
FJ	2020-06-14	0	0
FJ	2020-06-13	0	0
FJ	2020-06-12	0	0
FJ	2020-06-11	0	0
FJ	2020-06-10	0	0
FJ	2020-06-09	0	0
FJ	2020-06-08	0	0
FJ	2020-06-07	0	0
FJ	2020-06-06	0	0
FJ	2020-06-05	0	0
FJ	2020-06-04	0	0
FJ	2020-06-03	0	0
FJ	2020-06-02	0	0
FJ	2020-06-01	0	0
FJ	2020-05-31	0	0
FJ	2020-05-30	0	0
FJ	2020-05-29	0	0
FJ	2020-05-28	0	0
FJ	2020-05-27	0	0
FJ	2020-05-26	0	0
FJ	2020-05-25	0	0
FJ	2020-05-24	0	0
FJ	2020-05-23	0	0
FJ	2020-05-22	0	0
FJ	2020-05-21	0	0
FJ	2020-05-20	0	0
FJ	2020-05-19	0	0
FJ	2020-05-18	0	0
FJ	2020-05-17	0	0
FJ	2020-05-16	0	0
FJ	2020-05-15	0	0
FJ	2020-05-14	0	0
FJ	2020-05-13	0	0
FJ	2020-05-12	0	0
FJ	2020-05-11	0	0
FJ	2020-05-10	0	0
FJ	2020-05-09	0	0
FJ	2020-05-08	0	0
FJ	2020-05-07	0	0
FJ	2020-05-06	0	0
FJ	2020-05-05	0	0
FJ	2020-05-04	0	0
FJ	2020-05-03	0	0
FJ	2020-05-02	0	0
FJ	2020-05-01	0	0
FJ	2020-04-30	0	0
FJ	2020-04-29	0	0
FJ	2020-04-28	0	0
FJ	2020-04-27	0	0
FJ	2020-04-26	0	0
FJ	2020-04-25	0	0
FJ	2020-04-24	0	0
FJ	2020-04-23	0	0
FJ	2020-04-22	0	0
FJ	2020-04-21	1	0
FJ	2020-04-20	0	0
FJ	2020-04-19	0	0
FJ	2020-04-18	0	0
FJ	2020-04-17	1	0
FJ	2020-04-16	0	0
FJ	2020-04-15	0	0
FJ	2020-04-14	0	0
FJ	2020-04-13	0	0
FJ	2020-04-12	0	0
FJ	2020-04-11	1	0
FJ	2020-04-10	0	0
FJ	2020-04-09	0	0
FJ	2020-04-08	1	0
FJ	2020-04-07	0	0
FJ	2020-04-06	2	0
FJ	2020-04-05	0	0
FJ	2020-04-04	5	0
FJ	2020-04-03	0	0
FJ	2020-04-02	2	0
FJ	2020-04-01	0	0
FJ	2020-03-31	0	0
FJ	2020-03-30	0	0
FJ	2020-03-29	0	0
FJ	2020-03-28	0	0
FJ	2020-03-27	0	0
FJ	2020-03-26	0	0
FJ	2020-03-25	1	0
FJ	2020-03-24	1	0
FJ	2020-03-23	1	0
FJ	2020-03-22	1	0
FJ	2020-03-21	0	0
FJ	2020-03-20	1	0
FI	2020-06-14	14	0
FI	2020-06-13	9	0
FI	2020-06-12	24	1
FI	2020-06-11	15	0
FI	2020-06-10	24	1
FI	2020-06-09	20	0
FI	2020-06-08	17	1
FI	2020-06-07	23	0
FI	2020-06-06	30	0
FI	2020-06-05	0	1
FI	2020-06-04	24	1
FI	2020-06-03	2	0
FI	2020-06-02	26	0
FI	2020-06-01	33	4
FI	2020-05-31	50	2
FI	2020-05-30	33	1
FI	2020-05-29	51	0
FI	2020-05-28	64	1
FI	2020-05-27	29	4
FI	2020-05-26	20	1
FI	2020-05-25	11	1
FI	2020-05-24	31	0
FI	2020-05-23	44	0
FI	2020-05-22	50	2
FI	2020-05-21	44	3
FI	2020-05-20	19	1
FI	2020-05-19	33	2
FI	2020-05-18	61	1
FI	2020-05-17	58	4
FI	2020-05-16	83	6
FI	2020-05-15	91	3
FI	2020-05-14	51	9
FI	2020-05-13	19	4
FI	2020-05-12	22	4
FI	2020-05-11	82	2
FI	2020-05-10	142	5
FI	2020-05-09	65	5
FI	2020-05-08	100	3
FI	2020-05-07	161	6
FI	2020-05-06	85	6
FI	2020-05-05	73	10
FI	2020-05-04	75	10
FI	2020-05-03	128	2
FI	2020-05-02	56	7
FI	2020-05-01	89	5
FI	2020-04-30	166	7
FI	2020-04-29	45	6
FI	2020-04-28	119	3
FI	2020-04-27	101	4
FI	2020-04-26	80	9
FI	2020-04-25	111	5
FI	2020-04-24	155	23
FI	2020-04-23	115	8
FI	2020-04-22	146	43
FI	2020-04-21	85	4
FI	2020-04-20	102	4
FI	2020-04-19	192	8
FI	2020-04-18	120	7
FI	2020-04-17	132	3
FI	2020-04-16	76	8
FI	2020-04-15	97	5
FI	2020-04-14	90	3
FI	2020-04-13	69	7
FI	2020-04-12	136	1
FI	2020-04-11	164	6
FI	2020-04-10	118	2
FI	2020-04-09	179	6
FI	2020-04-08	132	7
FI	2020-04-07	249	0
FI	2020-04-06	45	2
FI	2020-04-05	267	5
FI	2020-04-04	97	1
FI	2020-04-03	72	2
FI	2020-04-02	62	0
FI	2020-04-01	71	4
FI	2020-03-31	95	2
FI	2020-03-30	0	2
FI	2020-03-29	193	2
FI	2020-03-28	67	3
FI	2020-03-27	78	1
FI	2020-03-26	88	2
FI	2020-03-25	92	0
FI	2020-03-24	74	0
FI	2020-03-23	105	0
FI	2020-03-22	71	1
FI	2020-03-21	50	0
FI	2020-03-20	31	0
FI	2020-03-19	50	0
FI	2020-03-18	47	0
FI	2020-03-17	5	0
FI	2020-03-16	57	0
FI	2020-03-15	27	0
FI	2020-03-14	28	0
FI	2020-03-13	96	0
FI	2020-03-12	19	0
FI	2020-03-10	10	0
FI	2020-03-09	11	0
FI	2020-03-07	7	0
FI	2020-03-06	5	0
FI	2020-03-04	1	0
FI	2020-03-02	3	0
FI	2020-03-01	0	0
FI	2020-02-29	1	0
FI	2020-02-28	0	0
FI	2020-02-27	1	0
FI	2020-02-26	0	0
FI	2020-02-25	0	0
FI	2020-02-24	0	0
FI	2020-02-23	0	0
FI	2020-02-22	0	0
FI	2020-02-21	0	0
FI	2020-02-20	0	0
FI	2020-02-19	0	0
FI	2020-02-18	0	0
FI	2020-02-17	0	0
FI	2020-02-16	0	0
FI	2020-02-15	0	0
FI	2020-02-14	0	0
FI	2020-02-13	0	0
FI	2020-02-12	0	0
FI	2020-02-11	0	0
FI	2020-02-10	0	0
FI	2020-02-09	0	0
FI	2020-02-08	0	0
FI	2020-02-07	0	0
FI	2020-02-06	0	0
FI	2020-02-05	0	0
FI	2020-02-04	0	0
FI	2020-02-03	0	0
FI	2020-02-02	0	0
FI	2020-02-01	0	0
FI	2020-01-31	0	0
FI	2020-01-30	1	0
FI	2020-01-29	0	0
FI	2020-01-28	0	0
FI	2020-01-27	0	0
FI	2020-01-26	0	0
FI	2020-01-25	0	0
FI	2020-01-24	0	0
FI	2020-01-23	0	0
FI	2020-01-22	0	0
FI	2020-01-21	0	0
FI	2020-01-20	0	0
FI	2020-01-19	0	0
FI	2020-01-18	0	0
FI	2020-01-17	0	0
FI	2020-01-16	0	0
FI	2020-01-15	0	0
FI	2020-01-14	0	0
FI	2020-01-13	0	0
FI	2020-01-12	0	0
FI	2020-01-11	0	0
FI	2020-01-10	0	0
FI	2020-01-09	0	0
FI	2020-01-08	0	0
FI	2020-01-07	0	0
FI	2020-01-06	0	0
FI	2020-01-05	0	0
FI	2020-01-04	0	0
FI	2020-01-03	0	0
FI	2020-01-02	0	0
FI	2020-01-01	0	0
FI	2019-12-31	0	0
FR	2020-06-14	526	24
FR	2020-06-13	726	28
FR	2020-06-12	425	27
FR	2020-06-11	545	23
FR	2020-06-10	403	87
FR	2020-06-09	211	54
FR	2020-06-08	343	13
FR	2020-06-07	579	31
FR	2020-06-06	611	46
FR	2020-06-05	767	44
FR	2020-06-04	352	81
FR	2020-06-02	338	31
FR	2020-06-01	257	31
FR	2020-05-31	1828	57
FR	2020-05-30	597	52
FR	2020-05-29	3325	66
FR	2020-05-28	191	66
FR	2020-05-27	276	98
FR	2020-05-26	358	65
FR	2020-05-25	115	35
FR	2020-05-24	240	43
FR	2020-05-23	403	74
FR	2020-05-22	318	83
FR	2020-05-21	418	110
FR	2020-05-20	524	125
FR	2020-05-19	492	186
FR	2020-05-18	120	68
FR	2020-05-17	372	88
FR	2020-05-16	563	130
FR	2020-05-15	622	351
FR	2020-05-14	507	83
FR	2020-05-13	708	348
FR	2020-05-12	456	263
FR	2020-05-11	209	70
FR	2020-05-10	433	80
FR	2020-05-09	642	243
FR	2020-05-08	629	178
FR	2020-05-07	4183	278
FR	2020-05-06	1104	330
FR	2020-05-05	576	306
FR	2020-05-04	308	135
FR	2020-05-03	794	166
FR	2020-05-02	604	218
FR	2020-05-01	1139	289
FR	2020-04-30	1607	427
FR	2020-04-29	1065	367
FR	2020-04-28	1195	437
FR	2020-04-27	461	242
FR	2020-04-26	1537	369
FR	2020-04-25	1773	389
FR	2020-04-24	1653	516
FR	2020-04-23	1827	544
FR	2020-04-22	2667	531
FR	2020-04-21	2051	547
FR	2020-04-20	785	395
FR	2020-04-19	2569	642
FR	2020-04-18	405	761
FR	2020-04-17	2641	753
FR	2020-04-16	2633	1438
FR	2020-04-15	5497	762
FR	2020-04-14	2673	574
FR	2020-04-13	1613	561
FR	2020-04-12	3114	635
FR	2020-04-11	4342	987
FR	2020-04-10	4286	1341
FR	2020-04-09	3881	541
FR	2020-04-08	3777	1417
FR	2020-04-07	3912	833
FR	2020-04-06	1873	518
FR	2020-04-05	4267	1053
FR	2020-04-04	5233	2004
FR	2020-04-03	2116	471
FR	2020-04-02	4861	509
FR	2020-04-01	7578	499
FR	2020-03-31	4376	418
FR	2020-03-30	2599	292
FR	2020-03-29	4611	319
FR	2020-03-28	3809	299
FR	2020-03-27	3922	365
FR	2020-03-26	2931	231
FR	2020-03-25	2446	240
FR	2020-03-24	3838	186
FR	2020-03-23	1559	112
FR	2020-03-22	1847	112
FR	2020-03-21	1617	78
FR	2020-03-20	1861	128
FR	2020-03-19	1404	69
FR	2020-03-18	1097	27
FR	2020-03-17	1210	21
FR	2020-03-16	924	36
FR	2020-03-15	838	12
FR	2020-03-14	785	18
FR	2020-03-13	595	13
FR	2020-03-12	497	15
FR	2020-03-11	372	3
FR	2020-03-10	286	11
FR	2020-03-09	410	9
FR	2020-03-08	103	1
FR	2020-03-07	190	2
FR	2020-03-06	138	3
FR	2020-03-05	73	0
FR	2020-03-04	34	1
FR	2020-03-03	48	1
FR	2020-03-02	30	0
FR	2020-03-01	43	0
FR	2020-02-29	19	0
FR	2020-02-28	21	0
FR	2020-02-27	3	1
FR	2020-02-26	2	0
FR	2020-02-25	0	0
FR	2020-02-24	0	0
FR	2020-02-23	0	0
FR	2020-02-22	0	0
FR	2020-02-21	0	0
FR	2020-02-20	0	0
FR	2020-02-19	0	0
FR	2020-02-18	0	0
FR	2020-02-17	1	0
FR	2020-02-16	0	0
FR	2020-02-15	0	1
FR	2020-02-14	0	0
FR	2020-02-13	0	0
FR	2020-02-12	0	0
FR	2020-02-11	0	0
FR	2020-02-10	0	0
FR	2020-02-09	0	0
FR	2020-02-08	5	0
FR	2020-02-07	0	0
FR	2020-02-06	0	0
FR	2020-02-05	0	0
FR	2020-02-04	0	0
FR	2020-02-03	0	0
FR	2020-02-02	0	0
FR	2020-02-01	0	0
FR	2020-01-31	1	0
FR	2020-01-30	1	0
FR	2020-01-29	1	0
FR	2020-01-28	0	0
FR	2020-01-27	0	0
FR	2020-01-26	0	0
FR	2020-01-25	3	0
FR	2020-01-24	0	0
FR	2020-01-23	0	0
FR	2020-01-22	0	0
FR	2020-01-21	0	0
FR	2020-01-20	0	0
FR	2020-01-19	0	0
FR	2020-01-18	0	0
FR	2020-01-17	0	0
FR	2020-01-16	0	0
FR	2020-01-15	0	0
FR	2020-01-14	0	0
FR	2020-01-13	0	0
FR	2020-01-12	0	0
FR	2020-01-11	0	0
FR	2020-01-10	0	0
FR	2020-01-09	0	0
FR	2020-01-08	0	0
FR	2020-01-07	0	0
FR	2020-01-06	0	0
FR	2020-01-05	0	0
FR	2020-01-04	0	0
FR	2020-01-03	0	0
FR	2020-01-02	0	0
FR	2020-01-01	0	0
FR	2019-12-31	0	0
PF	2020-06-14	0	0
PF	2020-06-13	0	0
PF	2020-06-12	0	0
PF	2020-06-11	0	0
PF	2020-06-10	0	0
PF	2020-06-09	0	0
PF	2020-06-08	0	0
PF	2020-06-07	0	0
PF	2020-06-06	0	0
PF	2020-06-05	0	0
PF	2020-06-04	0	0
PF	2020-06-03	0	0
PF	2020-06-02	0	0
PF	2020-06-01	0	0
PF	2020-05-31	0	0
PF	2020-05-30	0	0
PF	2020-05-29	0	0
PF	2020-05-28	0	0
PF	2020-05-27	0	0
PF	2020-05-26	0	0
PF	2020-05-25	0	0
PF	2020-05-24	0	0
PF	2020-05-23	0	0
PF	2020-05-22	0	0
PF	2020-05-21	0	0
PF	2020-05-20	0	0
PF	2020-05-19	0	0
PF	2020-05-18	0	0
PF	2020-05-17	0	0
PF	2020-05-16	0	0
PF	2020-05-15	0	0
PF	2020-05-14	0	0
PF	2020-05-13	0	0
PF	2020-05-12	0	0
PF	2020-05-11	0	0
PF	2020-05-10	0	0
PF	2020-05-09	0	0
PF	2020-05-08	0	0
PF	2020-05-07	0	0
PF	2020-05-06	2	0
PF	2020-05-05	0	0
PF	2020-05-04	0	0
PF	2020-05-03	0	0
PF	2020-05-02	0	0
PF	2020-05-01	0	0
PF	2020-04-30	0	0
PF	2020-04-29	0	0
PF	2020-04-28	1	0
PF	2020-04-27	0	0
PF	2020-04-26	0	0
PF	2020-04-25	0	0
PF	2020-04-24	0	0
PF	2020-04-23	0	0
PF	2020-04-22	1	0
PF	2020-04-21	1	0
PF	2020-04-20	0	0
PF	2020-04-19	0	0
PF	2020-04-18	0	0
PF	2020-04-17	0	0
PF	2020-04-16	0	0
PF	2020-04-15	0	0
PF	2020-04-14	2	0
PF	2020-04-13	2	0
PF	2020-04-12	0	0
PF	2020-04-11	0	0
PF	2020-04-10	0	0
PF	2020-04-09	4	0
PF	2020-04-08	6	0
PF	2020-04-07	0	0
PF	2020-04-06	1	0
PF	2020-04-05	1	0
PF	2020-04-04	2	0
PF	2020-04-03	0	0
PF	2020-04-02	0	0
PF	2020-04-01	1	0
PF	2020-03-31	1	0
PF	2020-03-30	1	0
PF	2020-03-29	4	0
PF	2020-03-28	0	0
PF	2020-03-27	5	0
PF	2020-03-26	0	0
PF	2020-03-25	2	0
PF	2020-03-24	5	0
PF	2020-03-23	1	0
PF	2020-03-22	2	0
PF	2020-03-21	12	0
PF	2020-03-20	0	0
PF	2020-03-19	3	0
GA	2020-06-14	0	0
GA	2020-06-13	0	0
GA	2020-06-12	88	1
GA	2020-06-11	81	1
GA	2020-06-10	47	0
GA	2020-06-09	146	0
GA	2020-06-08	0	0
GA	2020-06-07	0	0
GA	2020-06-06	146	0
GA	2020-06-05	53	1
GA	2020-06-04	99	0
GA	2020-06-03	148	3
GA	2020-06-02	0	0
GA	2020-06-01	0	0
GA	2020-05-31	42	2
GA	2020-05-30	182	1
GA	2020-05-29	112	0
GA	2020-05-28	81	0
GA	2020-05-27	103	0
GA	2020-05-26	201	2
GA	2020-05-25	0	0
GA	2020-05-24	206	0
GA	2020-05-23	161	0
GA	2020-05-22	0	0
GA	2020-05-21	65	0
GA	2020-05-20	70	1
GA	2020-05-19	112	0
GA	2020-05-18	0	0
GA	2020-05-17	111	1
GA	2020-05-16	105	0
GA	2020-05-15	100	1
GA	2020-05-14	141	0
GA	2020-05-13	61	0
GA	2020-05-12	141	1
GA	2020-05-11	0	0
GA	2020-05-10	41	0
GA	2020-05-09	116	0
GA	2020-05-08	65	0
GA	2020-05-07	42	2
GA	2020-05-06	30	0
GA	2020-05-05	32	1
GA	2020-05-04	0	0
GA	2020-05-03	27	1
GA	2020-05-02	32	1
GA	2020-05-01	0	0
GA	2020-04-30	38	0
GA	2020-04-29	27	0
GA	2020-04-28	35	0
GA	2020-04-27	0	0
GA	2020-04-26	4	0
GA	2020-04-25	5	1
GA	2020-04-24	1	1
GA	2020-04-23	10	0
GA	2020-04-22	36	0
GA	2020-04-21	11	0
GA	2020-04-20	0	0
GA	2020-04-19	1	0
GA	2020-04-18	13	0
GA	2020-04-17	8	0
GA	2020-04-16	12	0
GA	2020-04-15	18	0
GA	2020-04-14	0	0
GA	2020-04-13	8	0
GA	2020-04-12	3	0
GA	2020-04-11	2	0
GA	2020-04-10	11	0
GA	2020-04-09	3	0
GA	2020-04-08	9	0
GA	2020-04-07	0	0
GA	2020-04-06	0	0
GA	2020-04-05	0	0
GA	2020-04-04	3	0
GA	2020-04-03	0	0
GA	2020-04-02	2	0
GA	2020-04-01	9	0
GA	2020-03-31	0	0
GA	2020-03-30	0	0
GA	2020-03-29	0	0
GA	2020-03-28	0	0
GA	2020-03-27	1	0
GA	2020-03-26	0	0
GA	2020-03-25	0	0
GA	2020-03-24	0	0
GA	2020-03-23	3	0
GA	2020-03-22	0	0
GA	2020-03-21	0	1
GA	2020-03-20	0	0
GA	2020-03-19	2	0
GA	2020-03-18	0	0
GA	2020-03-17	0	0
GA	2020-03-16	0	0
GA	2020-03-15	0	0
GA	2020-03-13	1	0
GM	2020-06-14	0	0
GM	2020-06-13	0	0
GM	2020-06-12	0	0
GM	2020-06-11	0	0
GM	2020-06-10	0	0
GM	2020-06-09	2	0
GM	2020-06-08	0	0
GM	2020-06-07	0	0
GM	2020-06-06	0	0
GM	2020-06-05	0	0
GM	2020-06-04	0	0
GM	2020-06-03	1	0
GM	2020-06-02	0	0
GM	2020-06-01	0	0
GM	2020-05-31	0	0
GM	2020-05-30	0	0
GM	2020-05-29	0	0
GM	2020-05-28	0	0
GM	2020-05-27	0	0
GM	2020-05-26	0	0
GM	2020-05-25	0	0
GM	2020-05-24	0	0
GM	2020-05-23	1	0
GM	2020-05-22	0	0
GM	2020-05-21	0	0
GM	2020-05-20	0	0
GM	2020-05-19	1	0
GM	2020-05-18	0	0
GM	2020-05-17	0	0
GM	2020-05-16	0	0
GM	2020-05-15	0	0
GM	2020-05-14	0	0
GM	2020-05-13	1	0
GM	2020-05-12	2	0
GM	2020-05-11	0	0
GM	2020-05-10	0	0
GM	2020-05-09	2	0
GM	2020-05-08	1	0
GM	2020-05-07	0	0
GM	2020-05-06	0	0
GM	2020-05-05	0	0
GM	2020-05-04	0	0
GM	2020-05-03	5	0
GM	2020-05-02	0	0
GM	2020-05-01	1	0
GM	2020-04-30	1	0
GM	2020-04-29	0	0
GM	2020-04-28	0	0
GM	2020-04-27	0	0
GM	2020-04-26	0	0
GM	2020-04-25	0	0
GM	2020-04-24	0	0
GM	2020-04-23	0	0
GM	2020-04-22	0	0
GM	2020-04-21	0	0
GM	2020-04-20	1	0
GM	2020-04-19	0	0
GM	2020-04-18	0	0
GM	2020-04-17	0	0
GM	2020-04-16	0	0
GM	2020-04-15	0	0
GM	2020-04-14	0	0
GM	2020-04-13	0	0
GM	2020-04-12	5	0
GM	2020-04-11	0	0
GM	2020-04-10	0	0
GM	2020-04-09	0	0
GM	2020-04-08	0	0
GM	2020-04-07	0	0
GM	2020-04-06	0	0
GM	2020-04-05	0	0
GM	2020-04-04	0	0
GM	2020-04-03	0	0
GM	2020-04-02	0	0
GM	2020-04-01	0	0
GM	2020-03-31	1	0
GM	2020-03-30	0	0
GM	2020-03-29	0	0
GM	2020-03-28	0	0
GM	2020-03-27	0	0
GM	2020-03-26	0	0
GM	2020-03-25	1	0
GM	2020-03-24	1	1
GM	2020-03-23	0	0
GM	2020-03-22	0	0
GM	2020-03-21	0	0
GM	2020-03-20	0	0
GM	2020-03-19	0	0
GM	2020-03-18	1	0
GE	2020-06-14	8	1
GE	2020-06-13	12	0
GE	2020-06-12	4	0
GE	2020-06-11	9	0
GE	2020-06-10	6	0
GE	2020-06-09	4	0
GE	2020-06-08	0	0
GE	2020-06-07	3	0
GE	2020-06-06	4	0
GE	2020-06-05	1	0
GE	2020-06-04	0	0
GE	2020-06-03	4	1
GE	2020-06-02	13	0
GE	2020-06-01	26	0
GE	2020-05-31	11	0
GE	2020-05-30	8	0
GE	2020-05-29	3	0
GE	2020-05-28	3	0
GE	2020-05-27	1	0
GE	2020-05-26	1	0
GE	2020-05-25	2	0
GE	2020-05-24	5	0
GE	2020-05-23	2	0
GE	2020-05-22	8	0
GE	2020-05-21	6	0
GE	2020-05-20	5	0
GE	2020-05-19	1	0
GE	2020-05-18	6	0
GE	2020-05-17	24	0
GE	2020-05-16	4	0
GE	2020-05-15	20	1
GE	2020-05-14	5	0
GE	2020-05-13	4	0
GE	2020-05-12	3	1
GE	2020-05-11	9	0
GE	2020-05-10	3	0
GE	2020-05-09	8	1
GE	2020-05-08	5	0
GE	2020-05-07	6	0
GE	2020-05-06	11	0
GE	2020-05-05	4	0
GE	2020-05-04	7	1
GE	2020-05-03	0	0
GE	2020-05-02	43	2
GE	2020-05-01	22	0
GE	2020-04-30	6	0
GE	2020-04-29	14	0
GE	2020-04-28	11	0
GE	2020-04-27	30	1
GE	2020-04-26	12	0
GE	2020-04-25	19	0
GE	2020-04-24	9	0
GE	2020-04-23	8	1
GE	2020-04-22	6	0
GE	2020-04-21	8	0
GE	2020-04-20	6	0
GE	2020-04-19	18	1
GE	2020-04-18	22	0
GE	2020-04-17	42	0
GE	2020-04-16	6	0
GE	2020-04-15	28	0
GE	2020-04-14	15	0
GE	2020-04-13	15	0
GE	2020-04-12	8	0
GE	2020-04-11	16	0
GE	2020-04-10	7	0
GE	2020-04-09	15	0
GE	2020-04-08	8	1
GE	2020-04-07	14	0
GE	2020-04-06	17	2
GE	2020-04-05	9	0
GE	2020-04-04	27	0
GE	2020-04-03	6	0
GE	2020-04-02	5	0
GE	2020-04-01	12	0
GE	2020-03-31	8	0
GE	2020-03-30	5	0
GE	2020-03-29	4	0
GE	2020-03-28	2	0
GE	2020-03-27	6	0
GE	2020-03-26	3	0
GE	2020-03-25	9	0
GE	2020-03-24	7	0
GE	2020-03-23	5	0
GE	2020-03-22	6	0
GE	2020-03-21	3	0
GE	2020-03-20	6	0
GE	2020-03-19	0	0
GE	2020-03-18	1	0
GE	2020-03-17	3	0
GE	2020-03-16	0	0
GE	2020-03-15	0	0
GE	2020-03-14	5	0
GE	2020-03-13	1	0
GE	2020-03-12	1	0
GE	2020-03-11	8	0
GE	2020-03-10	2	0
GE	2020-03-09	1	0
GE	2020-03-08	3	0
GE	2020-03-06	6	0
GE	2020-03-05	0	0
GE	2020-03-02	0	0
GE	2020-03-01	1	0
GE	2020-02-29	1	0
GE	2020-02-28	0	0
GE	2020-02-27	1	0
GE	2020-02-26	0	0
GE	2020-02-25	0	0
GE	2020-02-24	0	0
GE	2020-02-23	0	0
GE	2020-02-22	0	0
GE	2020-02-21	0	0
GE	2020-02-20	0	0
GE	2020-02-19	0	0
GE	2020-02-18	0	0
GE	2020-02-17	0	0
GE	2020-02-16	0	0
GE	2020-02-15	0	0
GE	2020-02-14	0	0
GE	2020-02-13	0	0
GE	2020-02-12	0	0
GE	2020-02-11	0	0
GE	2020-02-10	0	0
GE	2020-02-09	0	0
GE	2020-02-08	0	0
GE	2020-02-07	0	0
GE	2020-02-06	0	0
GE	2020-02-05	0	0
GE	2020-02-04	0	0
GE	2020-02-03	0	0
GE	2020-02-02	0	0
GE	2020-02-01	0	0
GE	2020-01-31	0	0
GE	2020-01-30	0	0
GE	2020-01-29	0	0
GE	2020-01-28	0	0
GE	2020-01-27	0	0
GE	2020-01-26	0	0
GE	2020-01-25	0	0
GE	2020-01-24	0	0
GE	2020-01-23	0	0
GE	2020-01-22	0	0
GE	2020-01-21	0	0
GE	2020-01-20	0	0
GE	2020-01-19	0	0
GE	2020-01-18	0	0
GE	2020-01-17	0	0
GE	2020-01-16	0	0
GE	2020-01-15	0	0
GE	2020-01-14	0	0
GE	2020-01-13	0	0
GE	2020-01-12	0	0
GE	2020-01-11	0	0
GE	2020-01-10	0	0
GE	2020-01-09	0	0
GE	2020-01-08	0	0
GE	2020-01-07	0	0
GE	2020-01-06	0	0
GE	2020-01-05	0	0
GE	2020-01-04	0	0
GE	2020-01-03	0	0
GE	2020-01-02	0	0
GE	2020-01-01	0	0
GE	2019-12-31	0	0
DE	2020-06-14	247	6
DE	2020-06-13	348	18
DE	2020-06-12	258	8
DE	2020-06-11	555	26
DE	2020-06-10	318	18
DE	2020-06-09	350	37
DE	2020-06-08	214	6
DE	2020-06-07	301	22
DE	2020-06-06	407	33
DE	2020-06-05	507	32
DE	2020-06-04	394	30
DE	2020-06-03	342	29
DE	2020-06-02	213	11
DE	2020-06-01	333	11
DE	2020-05-31	286	11
DE	2020-05-30	738	39
DE	2020-05-29	741	39
DE	2020-05-28	353	62
DE	2020-05-27	362	47
DE	2020-05-26	432	45
DE	2020-05-25	289	10
DE	2020-05-24	431	31
DE	2020-05-23	638	42
DE	2020-05-22	460	27
DE	2020-05-21	745	57
DE	2020-05-20	797	83
DE	2020-05-19	513	72
DE	2020-05-18	342	21
DE	2020-05-17	583	33
DE	2020-05-16	620	57
DE	2020-05-15	913	101
DE	2020-05-14	933	89
DE	2020-05-13	798	101
DE	2020-05-12	933	116
DE	2020-05-11	357	22
DE	2020-05-10	667	26
DE	2020-05-09	1251	103
DE	2020-05-08	1209	147
DE	2020-05-07	1194	123
DE	2020-05-06	1037	165
DE	2020-05-05	685	139
DE	2020-05-04	679	43
DE	2020-05-03	793	74
DE	2020-05-02	2584	287
DE	2020-05-01	0	0
DE	2020-04-30	1478	173
DE	2020-04-29	1304	202
DE	2020-04-28	1144	163
DE	2020-04-27	1018	110
DE	2020-04-26	1737	140
DE	2020-04-25	2055	179
DE	2020-04-24	2337	227
DE	2020-04-23	2352	215
DE	2020-04-22	2237	281
DE	2020-04-21	1785	194
DE	2020-04-20	1775	110
DE	2020-04-19	2458	184
DE	2020-04-18	3609	242
DE	2020-04-17	3380	299
DE	2020-04-16	2866	315
DE	2020-04-15	2486	285
DE	2020-04-14	2082	170
DE	2020-04-13	2537	126
DE	2020-04-12	2821	129
DE	2020-04-11	4133	171
DE	2020-04-10	5323	266
DE	2020-04-09	4974	246
DE	2020-04-08	4003	254
DE	2020-04-07	3834	173
DE	2020-04-06	3677	92
DE	2020-04-05	5936	184
DE	2020-04-04	6082	141
DE	2020-04-03	6174	145
DE	2020-04-02	6156	140
DE	2020-04-01	5453	149
DE	2020-03-31	4615	128
DE	2020-03-30	4751	66
DE	2020-03-29	3965	64
DE	2020-03-28	6294	72
DE	2020-03-27	5780	55
DE	2020-03-26	4954	49
DE	2020-03-25	2342	23
DE	2020-03-24	4438	32
DE	2020-03-23	3311	27
DE	2020-03-22	3276	22
DE	2020-03-21	4049	2
DE	2020-03-20	5940	30
DE	2020-03-19	1042	0
DE	2020-03-18	1144	0
DE	2020-03-17	1174	1
DE	2020-03-16	1043	4
DE	2020-03-15	733	3
DE	2020-03-14	693	0
DE	2020-03-13	802	2
DE	2020-03-12	271	1
DE	2020-03-11	157	0
DE	2020-03-10	237	2
DE	2020-03-09	55	0
DE	2020-03-08	163	0
DE	2020-03-07	284	0
DE	2020-03-06	138	0
DE	2020-03-05	66	0
DE	2020-03-04	39	0
DE	2020-03-03	28	0
DE	2020-03-02	18	0
DE	2020-03-01	54	0
DE	2020-02-29	10	0
DE	2020-02-28	26	0
DE	2020-02-27	4	0
DE	2020-02-26	2	0
DE	2020-02-25	0	0
DE	2020-02-24	0	0
DE	2020-02-23	0	0
DE	2020-02-22	0	0
DE	2020-02-21	0	0
DE	2020-02-20	0	0
DE	2020-02-19	0	0
DE	2020-02-18	0	0
DE	2020-02-17	0	0
DE	2020-02-16	0	0
DE	2020-02-15	0	0
DE	2020-02-14	0	0
DE	2020-02-13	0	0
DE	2020-02-12	2	0
DE	2020-02-11	0	0
DE	2020-02-10	0	0
DE	2020-02-09	0	0
DE	2020-02-08	1	0
DE	2020-02-07	1	0
DE	2020-02-06	0	0
DE	2020-02-05	0	0
DE	2020-02-04	2	0
DE	2020-02-03	1	0
DE	2020-02-02	1	0
DE	2020-02-01	2	0
DE	2020-01-31	1	0
DE	2020-01-30	0	0
DE	2020-01-29	3	0
DE	2020-01-28	1	0
DE	2020-01-27	0	0
DE	2020-01-26	0	0
DE	2020-01-25	0	0
DE	2020-01-24	0	0
DE	2020-01-23	0	0
DE	2020-01-22	0	0
DE	2020-01-21	0	0
DE	2020-01-20	0	0
DE	2020-01-19	0	0
DE	2020-01-18	0	0
DE	2020-01-17	0	0
DE	2020-01-16	0	0
DE	2020-01-15	0	0
DE	2020-01-14	0	0
DE	2020-01-13	0	0
DE	2020-01-12	0	0
DE	2020-01-11	0	0
DE	2020-01-10	0	0
DE	2020-01-09	0	0
DE	2020-01-08	0	0
DE	2020-01-07	0	0
DE	2020-01-06	0	0
DE	2020-01-05	0	0
DE	2020-01-04	0	0
DE	2020-01-03	0	0
DE	2020-01-02	0	0
DE	2020-01-01	0	0
DE	2019-12-31	0	0
GH	2020-06-14	0	0
GH	2020-06-13	760	0
GH	2020-06-12	0	0
GH	2020-06-11	157	0
GH	2020-06-10	291	0
GH	2020-06-09	272	4
GH	2020-06-08	176	0
GH	2020-06-07	294	2
GH	2020-06-06	283	4
GH	2020-06-05	337	0
GH	2020-06-04	251	0
GH	2020-06-03	227	2
GH	2020-06-02	0	0
GH	2020-06-01	302	1
GH	2020-05-31	152	1
GH	2020-05-30	313	0
GH	2020-05-29	0	0
GH	2020-05-28	186	0
GH	2020-05-27	309	2
GH	2020-05-26	125	0
GH	2020-05-25	66	1
GH	2020-05-24	0	0
GH	2020-05-23	131	0
GH	2020-05-22	217	0
GH	2020-05-21	173	0
GH	2020-05-20	361	2
GH	2020-05-19	0	0
GH	2020-05-18	0	0
GH	2020-05-17	97	1
GH	2020-05-16	108	4
GH	2020-05-15	122	0
GH	2020-05-14	281	2
GH	2020-05-13	427	0
GH	2020-05-12	437	0
GH	2020-05-11	0	0
GH	2020-05-10	251	4
GH	2020-05-09	921	0
GH	2020-05-08	0	0
GH	2020-05-07	372	0
GH	2020-05-06	0	0
GH	2020-05-05	550	0
GH	2020-05-04	0	0
GH	2020-05-03	95	1
GH	2020-05-02	0	0
GH	2020-05-01	403	1
GH	2020-04-30	0	0
GH	2020-04-29	121	5
GH	2020-04-28	0	0
GH	2020-04-27	271	1
GH	2020-04-26	0	0
GH	2020-04-25	125	1
GH	2020-04-24	0	0
GH	2020-04-23	112	0
GH	2020-04-22	0	0
GH	2020-04-21	0	0
GH	2020-04-20	208	0
GH	2020-04-19	193	1
GH	2020-04-18	0	0
GH	2020-04-17	0	0
GH	2020-04-16	5	0
GH	2020-04-15	70	0
GH	2020-04-14	0	0
GH	2020-04-13	158	0
GH	2020-04-12	30	2
GH	2020-04-11	0	0
GH	2020-04-10	65	0
GH	2020-04-09	26	1
GH	2020-04-08	0	0
GH	2020-04-07	73	0
GH	2020-04-06	0	0
GH	2020-04-05	9	0
GH	2020-04-04	1	0
GH	2020-04-03	9	0
GH	2020-04-02	43	0
GH	2020-04-01	0	0
GH	2020-03-31	0	0
GH	2020-03-30	11	0
GH	2020-03-29	4	2
GH	2020-03-28	5	0
GH	2020-03-27	64	0
GH	2020-03-26	15	1
GH	2020-03-25	26	0
GH	2020-03-24	3	1
GH	2020-03-23	3	0
GH	2020-03-22	5	1
GH	2020-03-21	5	0
GH	2020-03-20	4	0
GH	2020-03-19	1	0
GH	2020-03-18	0	0
GH	2020-03-17	4	0
GH	2020-03-16	0	0
GH	2020-03-15	0	0
GH	2020-03-13	2	0
GI	2020-06-14	0	0
GI	2020-06-13	0	0
GI	2020-06-12	0	0
GI	2020-06-11	0	0
GI	2020-06-10	0	0
GI	2020-06-09	1	0
GI	2020-06-08	1	0
GI	2020-06-07	0	0
GI	2020-06-06	1	0
GI	2020-06-05	0	0
GI	2020-06-04	1	0
GI	2020-06-03	2	0
GI	2020-06-02	1	0
GI	2020-06-01	8	0
GI	2020-05-31	0	0
GI	2020-05-30	4	0
GI	2020-05-29	0	0
GI	2020-05-28	2	0
GI	2020-05-27	0	0
GI	2020-05-26	4	0
GI	2020-05-25	0	0
GI	2020-05-24	0	0
GI	2020-05-23	0	0
GI	2020-05-22	2	0
GI	2020-05-21	2	0
GI	2020-05-20	0	0
GI	2020-05-19	0	0
GI	2020-05-18	0	0
GI	2020-05-17	0	0
GI	2020-05-16	0	0
GI	2020-05-15	0	0
GI	2020-05-14	0	0
GI	2020-05-13	0	0
GI	2020-05-12	1	0
GI	2020-05-11	0	0
GI	2020-05-10	0	0
GI	2020-05-09	2	0
GI	2020-05-08	0	0
GI	2020-05-07	0	0
GI	2020-05-06	0	0
GI	2020-05-05	0	0
GI	2020-05-04	0	0
GI	2020-05-03	0	0
GI	2020-05-02	0	0
GI	2020-05-01	3	0
GI	2020-04-30	0	0
GI	2020-04-29	0	0
GI	2020-04-28	0	0
GI	2020-04-27	5	0
GI	2020-04-26	3	0
GI	2020-04-25	0	0
GI	2020-04-24	0	0
GI	2020-04-23	0	0
GI	2020-04-22	0	0
GI	2020-04-21	0	0
GI	2020-04-20	0	0
GI	2020-04-19	0	0
GI	2020-04-18	0	0
GI	2020-04-17	2	0
GI	2020-04-16	2	0
GI	2020-04-15	0	0
GI	2020-04-14	0	0
GI	2020-04-13	0	0
GI	2020-04-12	2	0
GI	2020-04-11	4	0
GI	2020-04-10	3	0
GI	2020-04-09	7	0
GI	2020-04-08	4	0
GI	2020-04-07	6	0
GI	2020-04-06	5	0
GI	2020-04-05	3	0
GI	2020-04-04	7	0
GI	2020-04-03	19	0
GI	2020-04-02	0	0
GI	2020-04-01	0	0
GI	2020-03-31	4	0
GI	2020-03-30	9	0
GI	2020-03-29	1	0
GI	2020-03-28	20	0
GI	2020-03-27	9	0
GI	2020-03-26	11	0
GI	2020-03-25	0	0
GI	2020-03-24	0	0
GI	2020-03-23	5	0
GI	2020-03-22	0	0
GI	2020-03-21	0	0
GI	2020-03-20	10	0
EL	2020-06-14	4	0
EL	2020-06-13	20	0
EL	2020-06-12	20	0
EL	2020-06-11	10	0
EL	2020-06-10	9	1
EL	2020-06-09	97	2
EL	2020-06-08	0	0
EL	2020-06-07	15	1
EL	2020-06-06	0	0
EL	2020-06-05	0	0
EL	2020-06-04	19	0
EL	2020-06-03	1	4
EL	2020-06-02	0	0
EL	2020-06-01	2	0
EL	2020-05-31	6	0
EL	2020-05-30	3	0
EL	2020-05-29	3	2
EL	2020-05-28	11	0
EL	2020-05-27	10	1
EL	2020-05-26	4	1
EL	2020-05-25	2	0
EL	2020-05-24	3	2
EL	2020-05-23	20	1
EL	2020-05-22	3	2
EL	2020-05-21	10	1
EL	2020-05-20	4	0
EL	2020-05-19	2	2
EL	2020-05-18	15	1
EL	2020-05-17	9	2
EL	2020-05-16	40	4
EL	2020-05-15	10	1
EL	2020-05-14	16	3
EL	2020-05-13	18	1
EL	2020-05-12	10	0
EL	2020-05-11	6	0
EL	2020-05-10	19	1
EL	2020-05-09	13	2
EL	2020-05-08	15	1
EL	2020-05-07	21	1
EL	2020-05-06	10	0
EL	2020-05-05	6	2
EL	2020-05-04	6	1
EL	2020-05-03	29	3
EL	2020-05-02	0	0
EL	2020-05-01	15	1
EL	2020-04-30	42	3
EL	2020-04-29	0	0
EL	2020-04-28	28	6
EL	2020-04-27	0	0
EL	2020-04-26	16	0
EL	2020-04-25	27	5
EL	2020-04-24	55	4
EL	2020-04-23	7	0
EL	2020-04-22	156	5
EL	2020-04-21	10	6
EL	2020-04-20	28	5
EL	2020-04-19	0	0
EL	2020-04-18	0	0
EL	2020-04-17	15	3
EL	2020-04-16	22	1
EL	2020-04-15	25	2
EL	2020-04-14	31	1
EL	2020-04-13	33	5
EL	2020-04-12	70	3
EL	2020-04-11	56	4
EL	2020-04-10	71	3
EL	2020-04-09	52	2
EL	2020-04-08	77	2
EL	2020-04-07	20	6
EL	2020-04-06	62	5
EL	2020-04-05	60	9
EL	2020-04-04	99	6
EL	2020-04-03	139	3
EL	2020-04-02	61	1
EL	2020-04-01	102	6
EL	2020-03-31	56	5
EL	2020-03-30	95	6
EL	2020-03-29	95	4
EL	2020-03-28	74	2
EL	2020-03-27	71	4
EL	2020-03-26	78	2
EL	2020-03-25	48	3
EL	2020-03-24	71	2
EL	2020-03-23	94	2
EL	2020-03-22	35	5
EL	2020-03-21	31	3
EL	2020-03-20	46	0
EL	2020-03-19	31	0
EL	2020-03-18	35	1
EL	2020-03-17	21	0
EL	2020-03-16	103	1
EL	2020-03-15	38	2
EL	2020-03-14	57	0
EL	2020-03-13	34	0
EL	2020-03-12	9	1
EL	2020-03-11	6	0
EL	2020-03-10	11	0
EL	2020-03-09	7	0
EL	2020-03-08	21	0
EL	2020-03-07	13	0
EL	2020-03-06	22	0
EL	2020-03-05	3	0
EL	2020-03-02	0	0
EL	2020-03-01	3	0
EL	2020-02-29	1	0
EL	2020-02-28	2	0
EL	2020-02-27	1	0
EL	2020-02-26	0	0
EL	2020-02-25	0	0
EL	2020-02-24	0	0
EL	2020-02-23	0	0
EL	2020-02-22	0	0
EL	2020-02-21	0	0
EL	2020-02-20	0	0
EL	2020-02-19	0	0
EL	2020-02-18	0	0
EL	2020-02-17	0	0
EL	2020-02-16	0	0
EL	2020-02-15	0	0
EL	2020-02-14	0	0
EL	2020-02-13	0	0
EL	2020-02-12	0	0
EL	2020-02-11	0	0
EL	2020-02-10	0	0
EL	2020-02-09	0	0
EL	2020-02-08	0	0
EL	2020-02-07	0	0
EL	2020-02-06	0	0
EL	2020-02-05	0	0
EL	2020-02-04	0	0
EL	2020-02-03	0	0
EL	2020-02-02	0	0
EL	2020-02-01	0	0
EL	2020-01-31	0	0
EL	2020-01-30	0	0
EL	2020-01-29	0	0
EL	2020-01-28	0	0
EL	2020-01-27	0	0
EL	2020-01-26	0	0
EL	2020-01-25	0	0
EL	2020-01-24	0	0
EL	2020-01-23	0	0
EL	2020-01-22	0	0
EL	2020-01-21	0	0
EL	2020-01-20	0	0
EL	2020-01-19	0	0
EL	2020-01-18	0	0
EL	2020-01-17	0	0
EL	2020-01-16	0	0
EL	2020-01-15	0	0
EL	2020-01-14	0	0
EL	2020-01-13	0	0
EL	2020-01-12	0	0
EL	2020-01-11	0	0
EL	2020-01-10	0	0
EL	2020-01-09	0	0
EL	2020-01-08	0	0
EL	2020-01-07	0	0
EL	2020-01-06	0	0
EL	2020-01-05	0	0
EL	2020-01-04	0	0
EL	2020-01-03	0	0
EL	2020-01-02	0	0
EL	2020-01-01	0	0
EL	2019-12-31	0	0
GL	2020-06-14	0	0
GL	2020-06-13	0	0
GL	2020-06-12	0	0
GL	2020-06-11	0	0
GL	2020-06-10	0	0
GL	2020-06-09	0	0
GL	2020-06-08	0	0
GL	2020-06-07	0	0
GL	2020-06-06	0	0
GL	2020-06-05	0	0
GL	2020-06-04	0	0
GL	2020-06-03	0	0
GL	2020-06-02	0	0
GL	2020-06-01	0	0
GL	2020-05-31	0	0
GL	2020-05-30	0	0
GL	2020-05-29	1	0
GL	2020-05-28	0	0
GL	2020-05-27	0	0
GL	2020-05-26	1	0
GL	2020-05-25	0	0
GL	2020-05-24	0	0
GL	2020-05-23	0	0
GL	2020-05-22	0	0
GL	2020-05-21	0	0
GL	2020-05-20	0	0
GL	2020-05-19	0	0
GL	2020-05-18	0	0
GL	2020-05-17	0	0
GL	2020-05-16	0	0
GL	2020-05-15	0	0
GL	2020-05-14	0	0
GL	2020-05-13	0	0
GL	2020-05-12	0	0
GL	2020-05-11	0	0
GL	2020-05-10	0	0
GL	2020-05-09	0	0
GL	2020-05-08	0	0
GL	2020-05-07	0	0
GL	2020-05-06	0	0
GL	2020-05-05	0	0
GL	2020-05-04	0	0
GL	2020-05-03	0	0
GL	2020-05-02	0	0
GL	2020-05-01	0	0
GL	2020-04-30	0	0
GL	2020-04-29	0	0
GL	2020-04-28	0	0
GL	2020-04-27	0	0
GL	2020-04-26	0	0
GL	2020-04-25	0	0
GL	2020-04-24	0	0
GL	2020-04-23	0	0
GL	2020-04-22	0	0
GL	2020-04-21	0	0
GL	2020-04-20	0	0
GL	2020-04-19	0	0
GL	2020-04-18	0	0
GL	2020-04-17	0	0
GL	2020-04-16	0	0
GL	2020-04-15	0	0
GL	2020-04-14	0	0
GL	2020-04-13	0	0
GL	2020-04-12	0	0
GL	2020-04-11	0	0
GL	2020-04-10	0	0
GL	2020-04-09	0	0
GL	2020-04-08	0	0
GL	2020-04-07	0	0
GL	2020-04-06	1	0
GL	2020-04-05	0	0
GL	2020-04-04	0	0
GL	2020-04-03	0	0
GL	2020-04-02	0	0
GL	2020-04-01	0	0
GL	2020-03-31	0	0
GL	2020-03-30	0	0
GL	2020-03-29	1	0
GL	2020-03-28	3	0
GL	2020-03-27	1	0
GL	2020-03-26	1	0
GL	2020-03-25	0	0
GL	2020-03-24	2	0
GL	2020-03-23	0	0
GL	2020-03-22	0	0
GL	2020-03-21	0	0
GL	2020-03-20	2	0
GD	2020-06-14	0	0
GD	2020-06-13	0	0
GD	2020-06-12	0	0
GD	2020-06-11	0	0
GD	2020-06-10	0	0
GD	2020-06-09	0	0
GD	2020-06-08	0	0
GD	2020-06-07	0	0
GD	2020-06-06	0	0
GD	2020-06-05	0	0
GD	2020-06-04	0	0
GD	2020-06-03	0	0
GD	2020-06-02	0	0
GD	2020-06-01	0	0
GD	2020-05-31	0	0
GD	2020-05-30	0	0
GD	2020-05-29	0	0
GD	2020-05-28	0	0
GD	2020-05-27	0	0
GD	2020-05-26	1	0
GD	2020-05-25	0	0
GD	2020-05-24	0	0
GD	2020-05-23	0	0
GD	2020-05-22	0	0
GD	2020-05-21	0	0
GD	2020-05-20	0	0
GD	2020-05-19	0	0
GD	2020-05-18	0	0
GD	2020-05-17	0	0
GD	2020-05-16	1	0
GD	2020-05-15	0	0
GD	2020-05-14	0	0
GD	2020-05-13	0	0
GD	2020-05-12	0	0
GD	2020-05-11	0	0
GD	2020-05-10	0	0
GD	2020-05-09	0	0
GD	2020-05-08	0	0
GD	2020-05-07	0	0
GD	2020-05-06	0	0
GD	2020-05-05	0	0
GD	2020-05-04	0	0
GD	2020-05-03	1	0
GD	2020-05-02	0	0
GD	2020-05-01	0	0
GD	2020-04-30	2	0
GD	2020-04-29	0	0
GD	2020-04-28	0	0
GD	2020-04-27	0	0
GD	2020-04-26	3	0
GD	2020-04-25	0	0
GD	2020-04-24	0	0
GD	2020-04-23	1	0
GD	2020-04-22	0	0
GD	2020-04-21	0	0
GD	2020-04-20	0	0
GD	2020-04-19	0	0
GD	2020-04-18	0	0
GD	2020-04-17	0	0
GD	2020-04-16	0	0
GD	2020-04-15	0	0
GD	2020-04-14	0	0
GD	2020-04-13	0	0
GD	2020-04-12	0	0
GD	2020-04-11	2	0
GD	2020-04-10	0	0
GD	2020-04-09	0	0
GD	2020-04-08	0	0
GD	2020-04-07	0	0
GD	2020-04-06	0	0
GD	2020-04-05	0	0
GD	2020-04-04	2	0
GD	2020-04-03	0	0
GD	2020-04-02	1	0
GD	2020-04-01	0	0
GD	2020-03-31	0	0
GD	2020-03-30	0	0
GD	2020-03-29	2	0
GD	2020-03-28	0	0
GD	2020-03-27	6	0
GD	2020-03-26	0	0
GD	2020-03-25	0	0
GD	2020-03-24	0	0
GD	2020-03-23	1	0
GU	2020-06-14	0	0
GU	2020-06-13	3	0
GU	2020-06-12	0	0
GU	2020-06-11	2	0
GU	2020-06-10	0	0
GU	2020-06-09	1	0
GU	2020-06-08	0	0
GU	2020-06-07	0	0
GU	2020-06-06	0	0
GU	2020-06-05	0	0
GU	2020-06-04	2	0
GU	2020-06-03	2	0
GU	2020-06-02	0	0
GU	2020-06-01	2	0
GU	2020-05-31	1	0
GU	2020-05-30	0	0
GU	2020-05-29	1	0
GU	2020-05-28	2	0
GU	2020-05-27	3	0
GU	2020-05-26	0	0
GU	2020-05-25	0	0
GU	2020-05-24	1	0
GU	2020-05-23	0	0
GU	2020-05-22	0	0
GU	2020-05-21	11	0
GU	2020-05-20	0	0
GU	2020-05-19	0	0
GU	2020-05-18	0	0
GU	2020-05-17	0	0
GU	2020-05-16	0	0
GU	2020-05-15	2	0
GU	2020-05-14	0	0
GU	2020-05-13	0	0
GU	2020-05-12	1	0
GU	2020-05-11	0	0
GU	2020-05-10	0	0
GU	2020-05-09	0	0
GU	2020-05-08	0	0
GU	2020-05-07	2	0
GU	2020-05-06	0	0
GU	2020-05-05	0	0
GU	2020-05-04	1	0
GU	2020-05-03	2	0
GU	2020-05-02	0	0
GU	2020-05-01	1	0
GU	2020-04-30	0	0
GU	2020-04-29	1	0
GU	2020-04-28	2	0
GU	2020-04-27	1	0
GU	2020-04-26	0	0
GU	2020-04-25	1	0
GU	2020-04-24	3	0
GU	2020-04-23	1	0
GU	2020-04-22	0	0
GU	2020-04-21	0	0
GU	2020-04-20	0	0
GU	2020-04-19	0	0
GU	2020-04-18	1	0
GU	2020-04-17	0	0
GU	2020-04-16	0	0
GU	2020-04-15	1	0
GU	2020-04-14	1	0
GU	2020-04-13	0	0
GU	2020-04-12	3	1
GU	2020-04-11	2	0
GU	2020-04-10	3	0
GU	2020-04-09	4	0
GU	2020-04-08	9	0
GU	2020-04-07	2	0
GU	2020-04-06	17	0
GU	2020-04-05	6	0
GU	2020-04-04	5	1
GU	2020-04-03	5	0
GU	2020-04-02	8	0
GU	2020-04-01	9	2
GU	2020-03-31	4	0
GU	2020-03-30	1	0
GU	2020-03-29	4	0
GU	2020-03-28	2	0
GU	2020-03-27	12	0
GU	2020-03-26	5	0
GU	2020-03-25	3	0
GU	2020-03-24	2	0
GU	2020-03-23	12	0
GU	2020-03-22	1	1
GU	2020-03-21	2	0
GU	2020-03-20	9	0
GU	2020-03-19	3	0
GT	2020-06-14	509	16
GT	2020-06-13	421	17
GT	2020-06-12	340	18
GT	2020-06-11	355	27
GT	2020-06-10	364	22
GT	2020-06-09	447	15
GT	2020-06-08	263	22
GT	2020-06-07	307	14
GT	2020-06-06	331	58
GT	2020-06-05	394	15
GT	2020-06-04	174	20
GT	2020-06-03	250	7
GT	2020-06-02	249	8
GT	2020-06-01	348	6
GT	2020-05-31	132	12
GT	2020-05-30	259	10
GT	2020-05-29	203	12
GT	2020-05-28	191	5
GT	2020-05-27	194	4
GT	2020-05-26	336	1
GT	2020-05-25	370	3
GT	2020-05-24	311	4
GT	2020-05-23	231	3
GT	2020-05-22	247	3
GT	2020-05-21	132	2
GT	2020-05-20	132	5
GT	2020-05-19	89	3
GT	2020-05-18	149	2
GT	2020-05-17	120	3
GT	2020-05-16	125	1
GT	2020-05-15	176	0
GT	2020-05-14	143	2
GT	2020-05-13	85	1
GT	2020-05-12	62	0
GT	2020-05-11	85	2
GT	2020-05-10	67	0
GT	2020-05-09	68	1
GT	2020-05-08	34	2
GT	2020-05-07	35	2
GT	2020-05-06	33	0
GT	2020-05-05	27	2
GT	2020-05-04	15	0
GT	2020-05-03	44	1
GT	2020-05-02	45	0
GT	2020-05-01	14	0
GT	2020-04-30	28	0
GT	2020-04-29	27	1
GT	2020-04-28	30	0
GT	2020-04-27	27	2
GT	2020-04-26	43	2
GT	2020-04-25	46	0
GT	2020-04-24	42	1
GT	2020-04-23	26	2
GT	2020-04-22	22	1
GT	2020-04-21	5	0
GT	2020-04-20	32	0
GT	2020-04-19	22	0
GT	2020-04-18	21	0
GT	2020-04-17	18	2
GT	2020-04-16	16	0
GT	2020-04-15	13	0
GT	2020-04-14	11	0
GT	2020-04-13	3	2
GT	2020-04-12	16	0
GT	2020-04-11	11	0
GT	2020-04-10	39	0
GT	2020-04-09	7	0
GT	2020-04-08	6	0
GT	2020-04-07	4	0
GT	2020-04-06	9	1
GT	2020-04-05	11	1
GT	2020-04-04	3	0
GT	2020-04-03	1	0
GT	2020-04-02	8	0
GT	2020-04-01	2	0
GT	2020-03-31	0	0
GT	2020-03-30	2	0
GT	2020-03-29	2	0
GT	2020-03-28	7	0
GT	2020-03-27	1	0
GT	2020-03-26	3	0
GT	2020-03-25	1	0
GT	2020-03-24	1	0
GT	2020-03-23	2	0
GT	2020-03-22	4	0
GT	2020-03-21	4	0
GT	2020-03-20	1	0
GT	2020-03-19	2	0
GT	2020-03-18	0	0
GT	2020-03-17	5	0
GT	2020-03-16	0	1
GT	2020-03-15	1	0
GG	2020-06-14	0	0
GG	2020-06-13	0	0
GG	2020-06-12	0	0
GG	2020-06-11	0	0
GG	2020-06-10	0	0
GG	2020-06-09	0	0
GG	2020-06-08	0	0
GG	2020-06-07	0	0
GG	2020-06-06	0	0
GG	2020-06-05	0	0
GG	2020-06-04	0	0
GG	2020-06-03	0	0
GG	2020-06-02	0	0
GG	2020-06-01	0	0
GG	2020-05-31	0	0
GG	2020-05-30	0	0
GG	2020-05-29	0	0
GG	2020-05-28	0	0
GG	2020-05-27	0	0
GG	2020-05-26	0	0
GG	2020-05-25	0	0
GG	2020-05-24	0	0
GG	2020-05-23	0	0
GG	2020-05-22	0	0
GG	2020-05-21	0	0
GG	2020-05-20	0	0
GG	2020-05-19	0	0
GG	2020-05-18	0	0
GG	2020-05-17	0	0
GG	2020-05-16	0	0
GG	2020-05-15	0	0
GG	2020-05-14	0	0
GG	2020-05-13	0	0
GG	2020-05-12	0	0
GG	2020-05-11	0	0
GG	2020-05-10	0	0
GG	2020-05-09	0	0
GG	2020-05-08	0	0
GG	2020-05-07	0	0
GG	2020-05-06	0	0
GG	2020-05-05	0	0
GG	2020-05-04	0	0
GG	2020-05-03	0	0
GG	2020-05-02	1	0
GG	2020-05-01	0	0
GG	2020-04-30	4	0
GG	2020-04-29	0	0
GG	2020-04-28	0	0
GG	2020-04-27	2	1
GG	2020-04-26	0	1
GG	2020-04-25	0	1
GG	2020-04-24	2	0
GG	2020-04-23	4	0
GG	2020-04-22	0	0
GG	2020-04-21	0	1
GG	2020-04-20	0	0
GG	2020-04-19	5	0
GG	2020-04-18	0	0
GG	2020-04-17	11	2
GG	2020-04-16	0	0
GG	2020-04-15	4	1
GG	2020-04-14	1	0
GG	2020-04-13	9	0
GG	2020-04-12	9	0
GG	2020-04-11	9	1
GG	2020-04-10	10	0
GG	2020-04-09	15	1
GG	2020-04-08	1	0
GG	2020-04-07	11	1
GG	2020-04-06	18	1
GG	2020-04-05	22	0
GG	2020-04-04	23	2
GG	2020-04-03	13	0
GG	2020-04-02	18	0
GG	2020-04-01	15	0
GG	2020-03-31	0	0
GG	2020-03-30	6	0
GG	2020-03-29	3	0
GG	2020-03-28	2	0
GG	2020-03-27	4	0
GG	2020-03-26	7	0
GG	2020-03-25	3	0
GG	2020-03-24	3	0
GG	2020-03-23	16	0
GG	2020-03-22	0	0
GG	2020-03-21	0	0
GG	2020-03-20	1	0
GN	2020-06-14	58	1
GN	2020-06-13	54	1
GN	2020-06-12	114	0
GN	2020-06-11	0	0
GN	2020-06-10	42	0
GN	2020-06-09	51	0
GN	2020-06-08	48	0
GN	2020-06-07	57	0
GN	2020-06-06	69	0
GN	2020-06-05	105	0
GN	2020-06-04	42	0
GN	2020-06-03	0	0
GN	2020-06-02	73	0
GN	2020-06-01	65	0
GN	2020-05-31	50	1
GN	2020-05-30	103	0
GN	2020-05-29	107	1
GN	2020-05-28	88	1
GN	2020-05-27	83	0
GN	2020-05-26	0	0
GN	2020-05-25	99	0
GN	2020-05-24	109	1
GN	2020-05-23	0	0
GN	2020-05-22	204	1
GN	2020-05-21	0	0
GN	2020-05-20	67	2
GN	2020-05-19	138	0
GN	2020-05-18	0	0
GN	2020-05-17	127	1
GN	2020-05-16	58	1
GN	2020-05-15	99	0
GN	2020-05-14	161	3
GN	2020-05-13	0	0
GN	2020-05-12	67	0
GN	2020-05-11	104	0
GN	2020-05-10	33	0
GN	2020-05-09	82	0
GN	2020-05-08	71	0
GN	2020-05-07	45	1
GN	2020-05-06	101	1
GN	2020-05-05	124	2
GN	2020-05-04	0	0
GN	2020-05-03	49	0
GN	2020-05-02	42	0
GN	2020-05-01	144	0
GN	2020-04-30	111	0
GN	2020-04-29	77	0
GN	2020-04-28	69	0
GN	2020-04-27	98	0
GN	2020-04-26	42	1
GN	2020-04-25	92	0
GN	2020-04-24	101	0
GN	2020-04-23	73	0
GN	2020-04-22	66	1
GN	2020-04-21	43	0
GN	2020-04-20	102	2
GN	2020-04-19	0	0
GN	2020-04-18	39	2
GN	2020-04-17	34	0
GN	2020-04-16	41	1
GN	2020-04-15	44	0
GN	2020-04-14	69	0
GN	2020-04-13	0	0
GN	2020-04-12	38	0
GN	2020-04-11	18	0
GN	2020-04-10	30	0
GN	2020-04-09	20	0
GN	2020-04-08	16	0
GN	2020-04-07	7	0
GN	2020-04-06	10	0
GN	2020-04-05	59	0
GN	2020-04-04	0	0
GN	2020-04-03	22	0
GN	2020-04-02	14	0
GN	2020-04-01	0	0
GN	2020-03-31	8	0
GN	2020-03-30	0	0
GN	2020-03-29	3	0
GN	2020-03-28	0	0
GN	2020-03-27	1	0
GN	2020-03-26	0	0
GN	2020-03-25	2	0
GN	2020-03-24	0	0
GN	2020-03-23	0	0
GN	2020-03-22	0	0
GN	2020-03-21	1	0
GN	2020-03-20	0	0
GN	2020-03-19	0	0
GN	2020-03-18	0	0
GN	2020-03-17	0	0
GN	2020-03-15	0	0
GN	2020-03-14	1	0
GW	2020-06-14	71	3
GW	2020-06-13	0	0
GW	2020-06-12	0	0
GW	2020-06-11	0	0
GW	2020-06-10	0	0
GW	2020-06-09	21	0
GW	2020-06-08	0	0
GW	2020-06-07	0	0
GW	2020-06-06	22	3
GW	2020-06-05	7	1
GW	2020-06-04	0	0
GW	2020-06-03	0	0
GW	2020-06-02	17	0
GW	2020-06-01	66	0
GW	2020-05-31	0	0
GW	2020-05-30	78	1
GW	2020-05-29	0	0
GW	2020-05-28	5	1
GW	2020-05-27	0	0
GW	2020-05-26	0	0
GW	2020-05-25	59	0
GW	2020-05-24	25	0
GW	2020-05-23	0	0
GW	2020-05-22	51	0
GW	2020-05-21	0	0
GW	2020-05-20	48	2
GW	2020-05-19	0	0
GW	2020-05-18	77	1
GW	2020-05-17	0	0
GW	2020-05-16	0	0
GW	2020-05-15	93	0
GW	2020-05-14	0	0
GW	2020-05-13	59	0
GW	2020-05-12	35	0
GW	2020-05-11	85	0
GW	2020-05-10	47	1
GW	2020-05-09	30	0
GW	2020-05-08	89	0
GW	2020-05-07	0	0
GW	2020-05-06	62	0
GW	2020-05-05	121	0
GW	2020-05-04	35	1
GW	2020-05-03	0	0
GW	2020-05-02	52	0
GW	2020-05-01	128	0
GW	2020-04-30	4	0
GW	2020-04-29	0	0
GW	2020-04-28	20	0
GW	2020-04-27	1	1
GW	2020-04-26	0	0
GW	2020-04-25	0	0
GW	2020-04-24	2	0
GW	2020-04-23	0	0
GW	2020-04-22	0	0
GW	2020-04-21	0	0
GW	2020-04-20	0	0
GW	2020-04-19	0	0
GW	2020-04-18	4	0
GW	2020-04-17	3	0
GW	2020-04-16	3	0
GW	2020-04-15	1	0
GW	2020-04-14	0	0
GW	2020-04-13	1	0
GW	2020-04-12	3	0
GW	2020-04-11	0	0
GW	2020-04-10	2	0
GW	2020-04-09	0	0
GW	2020-04-08	0	0
GW	2020-04-07	15	0
GW	2020-04-06	0	0
GW	2020-04-05	3	0
GW	2020-04-04	6	0
GW	2020-04-03	0	0
GW	2020-04-02	1	0
GW	2020-04-01	6	0
GW	2020-03-31	0	0
GW	2020-03-30	0	0
GW	2020-03-29	0	0
GW	2020-03-28	0	0
GW	2020-03-27	2	0
GY	2020-06-14	0	0
GY	2020-06-13	1	0
GY	2020-06-12	2	0
GY	2020-06-11	0	0
GY	2020-06-10	2	0
GY	2020-06-09	0	0
GY	2020-06-08	0	0
GY	2020-06-07	1	0
GY	2020-06-06	0	0
GY	2020-06-05	0	0
GY	2020-06-04	0	0
GY	2020-06-03	0	0
GY	2020-06-02	0	0
GY	2020-06-01	1	0
GY	2020-05-31	2	1
GY	2020-05-30	0	0
GY	2020-05-29	11	0
GY	2020-05-28	0	0
GY	2020-05-27	2	0
GY	2020-05-26	2	1
GY	2020-05-25	8	0
GY	2020-05-24	0	0
GY	2020-05-23	0	0
GY	2020-05-22	2	0
GY	2020-05-21	0	0
GY	2020-05-20	1	0
GY	2020-05-19	7	0
GY	2020-05-18	0	0
GY	2020-05-17	1	0
GY	2020-05-16	3	0
GY	2020-05-15	0	0
GY	2020-05-14	0	0
GY	2020-05-13	4	0
GY	2020-05-12	5	0
GY	2020-05-11	7	0
GY	2020-05-10	3	0
GY	2020-05-09	1	0
GY	2020-05-08	0	0
GY	2020-05-07	0	0
GY	2020-05-06	1	1
GY	2020-05-05	10	0
GY	2020-05-04	0	0
GY	2020-05-03	0	0
GY	2020-05-02	0	0
GY	2020-05-01	4	1
GY	2020-04-30	3	0
GY	2020-04-29	1	0
GY	2020-04-28	0	0
GY	2020-04-27	0	0
GY	2020-04-26	1	0
GY	2020-04-25	3	1
GY	2020-04-24	3	0
GY	2020-04-23	0	0
GY	2020-04-22	1	0
GY	2020-04-21	1	0
GY	2020-04-20	2	0
GY	2020-04-19	0	1
GY	2020-04-18	6	0
GY	2020-04-17	2	0
GY	2020-04-16	7	0
GY	2020-04-15	1	0
GY	2020-04-14	2	0
GY	2020-04-13	0	0
GY	2020-04-12	5	0
GY	2020-04-11	3	0
GY	2020-04-10	0	0
GY	2020-04-09	4	1
GY	2020-04-08	2	0
GY	2020-04-07	2	1
GY	2020-04-06	5	0
GY	2020-04-05	1	0
GY	2020-04-04	4	0
GY	2020-04-03	0	0
GY	2020-04-02	7	2
GY	2020-04-01	4	1
GY	2020-03-31	0	0
GY	2020-03-30	0	0
GY	2020-03-29	3	0
GY	2020-03-28	0	0
GY	2020-03-27	0	0
GY	2020-03-26	0	0
GY	2020-03-25	0	0
GY	2020-03-24	0	0
GY	2020-03-23	0	0
GY	2020-03-22	0	0
GY	2020-03-21	0	0
GY	2020-03-20	0	0
GY	2020-03-19	1	0
GY	2020-03-18	0	0
GY	2020-03-17	0	0
GY	2020-03-16	3	0
GY	2020-03-13	1	1
HT	2020-06-14	224	6
HT	2020-06-13	0	0
HT	2020-06-12	145	6
HT	2020-06-11	134	2
HT	2020-06-10	124	2
HT	2020-06-09	204	3
HT	2020-06-08	262	1
HT	2020-06-07	148	0
HT	2020-06-06	284	0
HT	2020-06-05	0	0
HT	2020-06-04	133	2
HT	2020-06-03	281	3
HT	2020-06-02	102	1
HT	2020-06-01	259	3
HT	2020-05-31	281	6
HT	2020-05-30	141	0
HT	2020-05-29	123	1
HT	2020-05-28	146	1
HT	2020-05-27	111	2
HT	2020-05-26	105	4
HT	2020-05-25	93	1
HT	2020-05-24	53	1
HT	2020-05-23	78	0
HT	2020-05-22	138	3
HT	2020-05-21	0	0
HT	2020-05-20	63	1
HT	2020-05-19	77	1
HT	2020-05-18	98	0
HT	2020-05-17	48	0
HT	2020-05-16	37	0
HT	2020-05-15	39	2
HT	2020-05-14	15	0
HT	2020-05-13	10	2
HT	2020-05-12	27	1
HT	2020-05-11	31	3
HT	2020-05-10	5	0
HT	2020-05-09	17	0
HT	2020-05-08	21	0
HT	2020-05-07	7	0
HT	2020-05-06	1	1
HT	2020-05-05	15	3
HT	2020-05-04	0	0
HT	2020-05-03	0	0
HT	2020-05-02	4	0
HT	2020-05-01	5	2
HT	2020-04-30	0	0
HT	2020-04-29	0	0
HT	2020-04-28	4	0
HT	2020-04-27	0	0
HT	2020-04-26	0	1
HT	2020-04-25	0	0
HT	2020-04-24	10	1
HT	2020-04-23	4	0
HT	2020-04-22	1	1
HT	2020-04-21	10	0
HT	2020-04-20	3	0
HT	2020-04-19	0	0
HT	2020-04-18	1	0
HT	2020-04-17	2	0
HT	2020-04-16	1	0
HT	2020-04-15	0	0
HT	2020-04-14	7	0
HT	2020-04-13	0	1
HT	2020-04-12	2	0
HT	2020-04-11	1	0
HT	2020-04-10	3	1
HT	2020-04-09	2	0
HT	2020-04-08	1	0
HT	2020-04-07	3	1
HT	2020-04-06	0	0
HT	2020-04-05	3	0
HT	2020-04-04	0	0
HT	2020-04-03	2	0
HT	2020-04-02	1	0
HT	2020-04-01	0	0
HT	2020-03-31	0	0
HT	2020-03-30	7	0
HT	2020-03-29	0	0
HT	2020-03-28	0	0
HT	2020-03-27	0	0
HT	2020-03-26	1	0
HT	2020-03-25	2	0
HT	2020-03-24	3	0
HT	2020-03-23	0	0
HT	2020-03-22	0	0
HT	2020-03-21	0	0
HT	2020-03-20	2	0
VA	2020-06-14	0	0
VA	2020-06-13	0	0
VA	2020-06-12	0	0
VA	2020-06-11	0	0
VA	2020-06-10	0	0
VA	2020-06-09	0	0
VA	2020-06-08	0	0
VA	2020-06-07	0	0
VA	2020-06-06	0	0
VA	2020-06-05	0	0
VA	2020-06-04	0	0
VA	2020-06-03	0	0
VA	2020-06-02	0	0
VA	2020-06-01	0	0
VA	2020-05-31	0	0
VA	2020-05-30	0	0
VA	2020-05-29	0	0
VA	2020-05-28	0	0
VA	2020-05-27	0	0
VA	2020-05-26	0	0
VA	2020-05-25	0	0
VA	2020-05-24	0	0
VA	2020-05-23	0	0
VA	2020-05-22	0	0
VA	2020-05-21	0	0
VA	2020-05-20	0	0
VA	2020-05-19	0	0
VA	2020-05-18	0	0
VA	2020-05-17	0	0
VA	2020-05-16	0	0
VA	2020-05-15	0	0
VA	2020-05-14	0	0
VA	2020-05-13	0	0
VA	2020-05-12	0	0
VA	2020-05-11	0	0
VA	2020-05-10	0	0
VA	2020-05-09	0	0
VA	2020-05-08	0	0
VA	2020-05-07	1	0
VA	2020-05-06	0	0
VA	2020-05-05	0	0
VA	2020-05-04	0	0
VA	2020-05-03	0	0
VA	2020-05-02	0	0
VA	2020-05-01	1	0
VA	2020-04-30	1	0
VA	2020-04-29	0	0
VA	2020-04-28	0	0
VA	2020-04-27	0	0
VA	2020-04-26	0	0
VA	2020-04-25	0	0
VA	2020-04-24	0	0
VA	2020-04-23	0	0
VA	2020-04-22	0	0
VA	2020-04-21	1	0
VA	2020-04-20	0	0
VA	2020-04-19	0	0
VA	2020-04-18	0	0
VA	2020-04-17	0	0
VA	2020-04-16	0	0
VA	2020-04-15	0	0
VA	2020-04-14	0	0
VA	2020-04-13	0	0
VA	2020-04-12	0	0
VA	2020-04-11	0	0
VA	2020-04-10	0	0
VA	2020-04-09	1	0
VA	2020-04-08	0	0
VA	2020-04-07	0	0
VA	2020-04-06	0	0
VA	2020-04-05	0	0
VA	2020-04-04	1	0
VA	2020-04-03	0	0
VA	2020-04-02	0	0
VA	2020-04-01	0	0
VA	2020-03-31	0	0
VA	2020-03-30	0	0
VA	2020-03-29	1	0
VA	2020-03-28	0	0
VA	2020-03-27	4	0
VA	2020-03-26	0	0
VA	2020-03-25	0	0
VA	2020-03-24	0	0
VA	2020-03-23	0	0
VA	2020-03-22	0	0
VA	2020-03-21	0	0
VA	2020-03-20	0	0
VA	2020-03-19	0	0
VA	2020-03-18	0	0
VA	2020-03-17	0	0
VA	2020-03-16	0	0
VA	2020-03-07	1	0
HN	2020-06-14	323	4
HN	2020-06-13	463	12
HN	2020-06-12	309	4
HN	2020-06-11	425	19
HN	2020-06-10	485	9
HN	2020-06-09	123	4
HN	2020-06-08	172	8
HN	2020-06-07	184	2
HN	2020-06-06	91	5
HN	2020-06-05	190	9
HN	2020-06-04	163	9
HN	2020-06-03	165	8
HN	2020-06-02	160	5
HN	2020-06-01	108	11
HN	2020-05-31	208	2
HN	2020-05-30	134	3
HN	2020-05-29	112	2
HN	2020-05-28	239	6
HN	2020-05-27	212	6
HN	2020-05-26	239	2
HN	2020-05-25	207	6
HN	2020-05-24	266	7
HN	2020-05-23	273	11
HN	2020-05-22	104	5
HN	2020-05-21	145	4
HN	2020-05-20	157	1
HN	2020-05-19	152	4
HN	2020-05-18	81	4
HN	2020-05-17	105	4
HN	2020-05-16	142	1
HN	2020-05-15	63	10
HN	2020-05-14	175	2
HN	2020-05-13	74	5
HN	2020-05-12	34	8
HN	2020-05-11	142	0
HN	2020-05-10	59	1
HN	2020-05-09	86	2
HN	2020-05-08	224	6
HN	2020-05-07	191	6
HN	2020-05-06	92	11
HN	2020-05-05	123	0
HN	2020-05-04	45	6
HN	2020-05-03	111	1
HN	2020-05-02	95	0
HN	2020-05-01	33	4
HN	2020-04-30	33	5
HN	2020-04-29	45	5
HN	2020-04-28	32	0
HN	2020-04-27	34	2
HN	2020-04-26	36	12
HN	2020-04-25	72	0
HN	2020-04-24	0	0
HN	2020-04-23	9	1
HN	2020-04-22	16	0
HN	2020-04-21	17	0
HN	2020-04-20	5	0
HN	2020-04-19	15	0
HN	2020-04-18	15	5
HN	2020-04-17	16	6
HN	2020-04-16	7	4
HN	2020-04-15	12	5
HN	2020-04-14	10	1
HN	2020-04-13	4	0
HN	2020-04-12	1	1
HN	2020-04-11	10	1
HN	2020-04-10	39	0
HN	2020-04-09	31	1
HN	2020-04-08	7	0
HN	2020-04-07	7	0
HN	2020-04-06	30	0
HN	2020-04-05	4	7
HN	2020-04-04	42	0
HN	2020-04-03	3	1
HN	2020-04-02	47	4
HN	2020-04-01	31	3
HN	2020-03-31	2	4
HN	2020-03-30	29	1
HN	2020-03-29	15	1
HN	2020-03-28	28	0
HN	2020-03-27	15	1
HN	2020-03-26	16	0
HN	2020-03-25	6	0
HN	2020-03-24	3	0
HN	2020-03-23	1	0
HN	2020-03-22	2	0
HN	2020-03-21	0	0
HN	2020-03-20	12	0
HN	2020-03-19	3	0
HN	2020-03-18	1	0
HN	2020-03-17	2	0
HN	2020-03-16	3	0
HN	2020-03-14	1	0
HN	2020-03-12	2	0
HU	2020-06-14	11	4
HU	2020-06-13	14	2
HU	2020-06-12	12	2
HU	2020-06-11	10	1
HU	2020-06-10	3	2
HU	2020-06-09	44	6
HU	2020-06-08	0	0
HU	2020-06-07	0	0
HU	2020-06-06	16	3
HU	2020-06-05	23	5
HU	2020-06-04	0	0
HU	2020-06-03	10	2
HU	2020-06-02	45	6
HU	2020-06-01	9	2
HU	2020-05-31	26	7
HU	2020-05-30	0	0
HU	2020-05-29	25	8
HU	2020-05-28	23	4
HU	2020-05-27	22	6
HU	2020-05-26	15	8
HU	2020-05-25	15	5
HU	2020-05-24	28	4
HU	2020-05-23	35	6
HU	2020-05-22	37	3
HU	2020-05-21	43	3
HU	2020-05-20	42	3
HU	2020-05-19	21	5
HU	2020-05-18	26	11
HU	2020-05-17	36	3
HU	2020-05-16	56	6
HU	2020-05-15	37	6
HU	2020-05-14	39	6
HU	2020-05-13	28	5
HU	2020-05-12	29	4
HU	2020-05-11	21	8
HU	2020-05-10	50	8
HU	2020-05-09	35	13
HU	2020-05-08	28	9
HU	2020-05-07	39	10
HU	2020-05-06	46	10
HU	2020-05-05	30	12
HU	2020-05-04	37	11
HU	2020-05-03	56	5
HU	2020-05-02	79	12
HU	2020-05-01	88	11
HU	2020-04-30	48	12
HU	2020-04-29	78	9
HU	2020-04-28	66	11
HU	2020-04-27	83	8
HU	2020-04-26	57	10
HU	2020-04-25	60	12
HU	2020-04-24	99	25
HU	2020-04-23	116	0
HU	2020-04-22	70	12
HU	2020-04-21	114	14
HU	2020-04-20	68	10
HU	2020-04-19	82	17
HU	2020-04-18	71	16
HU	2020-04-17	111	14
HU	2020-04-16	73	8
HU	2020-04-15	67	12
HU	2020-04-14	54	13
HU	2020-04-13	48	10
HU	2020-04-12	100	14
HU	2020-04-11	120	8
HU	2020-04-10	210	11
HU	2020-04-09	85	8
HU	2020-04-08	78	11
HU	2020-04-07	73	9
HU	2020-04-06	11	4
HU	2020-04-05	55	2
HU	2020-04-04	55	6
HU	2020-04-03	38	5
HU	2020-04-02	60	1
HU	2020-04-01	33	4
HU	2020-03-31	45	1
HU	2020-03-30	39	2
HU	2020-03-29	65	2
HU	2020-03-28	43	1
HU	2020-03-27	39	0
HU	2020-03-26	35	0
HU	2020-03-25	39	2
HU	2020-03-24	20	1
HU	2020-03-23	36	3
HU	2020-03-22	28	0
HU	2020-03-21	18	3
HU	2020-03-20	12	0
HU	2020-03-19	23	0
HU	2020-03-18	0	0
HU	2020-03-17	11	0
HU	2020-03-16	8	1
HU	2020-03-15	6	0
HU	2020-03-14	9	0
HU	2020-03-13	3	0
HU	2020-03-12	1	0
HU	2020-03-11	3	0
HU	2020-03-10	1	0
HU	2020-03-09	1	0
HU	2020-03-08	3	0
HU	2020-03-07	2	0
HU	2020-03-05	2	0
IS	2020-06-14	1	0
IS	2020-06-13	0	0
IS	2020-06-12	0	0
IS	2020-06-11	0	0
IS	2020-06-10	0	0
IS	2020-06-09	0	0
IS	2020-06-08	1	0
IS	2020-06-07	0	0
IS	2020-06-06	0	0
IS	2020-06-05	0	0
IS	2020-06-04	0	0
IS	2020-06-03	0	0
IS	2020-06-02	0	0
IS	2020-06-01	0	0
IS	2020-05-31	1	0
IS	2020-05-30	0	0
IS	2020-05-29	0	0
IS	2020-05-28	1	0
IS	2020-05-27	0	0
IS	2020-05-26	0	0
IS	2020-05-25	0	0
IS	2020-05-24	1	0
IS	2020-05-23	0	0
IS	2020-05-22	0	0
IS	2020-05-21	1	0
IS	2020-05-20	0	0
IS	2020-05-19	0	0
IS	2020-05-18	0	0
IS	2020-05-17	0	0
IS	2020-05-16	0	0
IS	2020-05-15	0	0
IS	2020-05-14	1	0
IS	2020-05-13	0	0
IS	2020-05-12	0	0
IS	2020-05-11	0	0
IS	2020-05-10	0	0
IS	2020-05-09	0	0
IS	2020-05-08	2	0
IS	2020-05-07	0	0
IS	2020-05-06	0	0
IS	2020-05-05	0	0
IS	2020-05-04	1	0
IS	2020-05-03	0	0
IS	2020-05-02	1	0
IS	2020-05-01	0	0
IS	2020-04-30	2	0
IS	2020-04-29	3	0
IS	2020-04-28	0	0
IS	2020-04-27	2	0
IS	2020-04-26	1	0
IS	2020-04-25	0	0
IS	2020-04-24	4	0
IS	2020-04-23	7	0
IS	2020-04-22	5	0
IS	2020-04-21	2	1
IS	2020-04-20	11	0
IS	2020-04-19	6	1
IS	2020-04-18	15	0
IS	2020-04-17	12	0
IS	2020-04-16	7	0
IS	2020-04-15	9	0
IS	2020-04-14	10	0
IS	2020-04-13	12	0
IS	2020-04-12	14	1
IS	2020-04-11	27	1
IS	2020-04-10	32	0
IS	2020-04-09	30	0
IS	2020-04-08	24	0
IS	2020-04-07	76	2
IS	2020-04-06	69	0
IS	2020-04-05	53	0
IS	2020-04-04	45	0
IS	2020-04-03	99	2
IS	2020-04-02	85	0
IS	2020-04-01	49	0
IS	2020-03-31	66	0
IS	2020-03-30	57	0
IS	2020-03-29	73	0
IS	2020-03-28	88	0
IS	2020-03-27	65	0
IS	2020-03-26	89	0
IS	2020-03-25	60	0
IS	2020-03-24	20	1
IS	2020-03-23	95	0
IS	2020-03-22	64	0
IS	2020-03-21	79	0
IS	2020-03-20	80	1
IS	2020-03-19	3	0
IS	2020-03-18	48	0
IS	2020-03-17	21	0
IS	2020-03-16	40	0
IS	2020-03-15	21	0
IS	2020-03-14	0	0
IS	2020-03-13	32	0
IS	2020-03-12	15	0
IS	2020-03-11	5	0
IS	2020-03-10	10	0
IS	2020-03-09	2	0
IS	2020-03-08	10	0
IS	2020-03-07	8	0
IS	2020-03-06	9	0
IS	2020-03-05	10	0
IS	2020-03-04	10	0
IS	2020-03-03	3	0
IS	2020-03-02	2	0
IS	2020-03-01	0	0
IS	2020-02-29	1	0
IS	2020-02-28	0	0
IS	2020-02-27	0	0
IS	2020-02-26	0	0
IS	2020-02-25	0	0
IS	2020-02-24	0	0
IS	2020-02-23	0	0
IS	2020-02-22	0	0
IS	2020-02-21	0	0
IS	2020-02-20	0	0
IS	2020-02-19	0	0
IS	2020-02-18	0	0
IS	2020-02-17	0	0
IS	2020-02-16	0	0
IS	2020-02-15	0	0
IS	2020-02-14	0	0
IS	2020-02-13	0	0
IS	2020-02-12	0	0
IS	2020-02-11	0	0
IS	2020-02-10	0	0
IS	2020-02-09	0	0
IS	2020-02-08	0	0
IS	2020-02-07	0	0
IS	2020-02-06	0	0
IS	2020-02-05	0	0
IS	2020-02-04	0	0
IS	2020-02-03	0	0
IS	2020-02-02	0	0
IS	2020-02-01	0	0
IS	2020-01-31	0	0
IS	2020-01-30	0	0
IS	2020-01-29	0	0
IS	2020-01-28	0	0
IS	2020-01-27	0	0
IS	2020-01-26	0	0
IS	2020-01-25	0	0
IS	2020-01-24	0	0
IS	2020-01-23	0	0
IS	2020-01-22	0	0
IS	2020-01-21	0	0
IS	2020-01-20	0	0
IS	2020-01-19	0	0
IS	2020-01-18	0	0
IS	2020-01-17	0	0
IS	2020-01-16	0	0
IS	2020-01-15	0	0
IS	2020-01-14	0	0
IS	2020-01-13	0	0
IS	2020-01-12	0	0
IS	2020-01-11	0	0
IS	2020-01-10	0	0
IS	2020-01-09	0	0
IS	2020-01-08	0	0
IS	2020-01-07	0	0
IS	2020-01-06	0	0
IS	2020-01-05	0	0
IS	2020-01-04	0	0
IS	2020-01-03	0	0
IS	2020-01-02	0	0
IS	2020-01-01	0	0
IS	2019-12-31	0	0
IN	2020-06-14	11929	311
IN	2020-06-13	11458	386
IN	2020-06-12	10956	396
IN	2020-06-11	9996	357
IN	2020-06-10	9985	279
IN	2020-06-09	9987	331
IN	2020-06-08	9983	206
IN	2020-06-07	9971	287
IN	2020-06-06	9887	294
IN	2020-06-05	9851	273
IN	2020-06-04	9304	260
IN	2020-06-03	8909	217
IN	2020-06-02	8171	204
IN	2020-06-01	8392	230
IN	2020-05-31	8380	193
IN	2020-05-30	7964	265
IN	2020-05-29	7466	175
IN	2020-05-28	6566	194
IN	2020-05-27	6387	170
IN	2020-05-26	6535	146
IN	2020-05-25	6977	154
IN	2020-05-24	6767	147
IN	2020-05-23	6654	137
IN	2020-05-22	6088	148
IN	2020-05-21	5609	132
IN	2020-05-20	5611	140
IN	2020-05-19	4970	134
IN	2020-05-18	5242	157
IN	2020-05-17	4987	120
IN	2020-05-16	3970	103
IN	2020-05-15	3967	100
IN	2020-05-14	3722	134
IN	2020-05-13	3525	122
IN	2020-05-12	3604	87
IN	2020-05-11	4213	97
IN	2020-05-10	3277	128
IN	2020-05-09	3320	95
IN	2020-05-08	3390	103
IN	2020-05-07	3561	89
IN	2020-05-06	2958	126
IN	2020-05-05	3900	195
IN	2020-05-04	2553	72
IN	2020-05-03	2644	83
IN	2020-05-02	2293	71
IN	2020-05-01	1993	73
IN	2020-04-30	1718	67
IN	2020-04-29	1897	73
IN	2020-04-28	1543	62
IN	2020-04-27	1396	48
IN	2020-04-26	1990	49
IN	2020-04-25	1429	57
IN	2020-04-24	1684	37
IN	2020-04-23	1409	41
IN	2020-04-22	1384	50
IN	2020-04-21	1335	47
IN	2020-04-20	1553	36
IN	2020-04-19	1334	27
IN	2020-04-18	991	43
IN	2020-04-17	1007	23
IN	2020-04-16	942	37
IN	2020-04-15	1075	38
IN	2020-04-14	1211	31
IN	2020-04-13	796	35
IN	2020-04-12	909	34
IN	2020-04-11	1035	40
IN	2020-04-10	678	33
IN	2020-04-09	540	17
IN	2020-04-08	773	35
IN	2020-04-07	354	5
IN	2020-04-06	693	32
IN	2020-04-05	472	9
IN	2020-04-04	601	12
IN	2020-04-03	336	6
IN	2020-04-02	568	15
IN	2020-04-01	146	3
IN	2020-03-31	180	3
IN	2020-03-30	92	4
IN	2020-03-29	106	6
IN	2020-03-28	149	2
IN	2020-03-27	75	4
IN	2020-03-26	87	4
IN	2020-03-25	70	0
IN	2020-03-24	53	2
IN	2020-03-23	119	3
IN	2020-03-22	89	0
IN	2020-03-21	40	0
IN	2020-03-20	26	1
IN	2020-03-19	28	0
IN	2020-03-18	12	0
IN	2020-03-17	32	1
IN	2020-03-16	3	0
IN	2020-03-15	7	0
IN	2020-03-14	8	1
IN	2020-03-13	2	1
IN	2020-03-12	23	0
IN	2020-03-11	6	0
IN	2020-03-10	10	0
IN	2020-03-08	3	0
IN	2020-03-07	2	0
IN	2020-03-06	1	0
IN	2020-03-05	22	0
IN	2020-03-04	1	0
IN	2020-03-03	2	0
IN	2020-03-02	0	0
IN	2020-03-01	0	0
IN	2020-02-29	0	0
IN	2020-02-28	0	0
IN	2020-02-27	0	0
IN	2020-02-26	0	0
IN	2020-02-25	0	0
IN	2020-02-24	0	0
IN	2020-02-23	0	0
IN	2020-02-22	0	0
IN	2020-02-21	0	0
IN	2020-02-20	0	0
IN	2020-02-19	0	0
IN	2020-02-18	0	0
IN	2020-02-17	0	0
IN	2020-02-16	0	0
IN	2020-02-15	0	0
IN	2020-02-14	0	0
IN	2020-02-13	0	0
IN	2020-02-12	0	0
IN	2020-02-11	0	0
IN	2020-02-10	0	0
IN	2020-02-09	0	0
IN	2020-02-08	0	0
IN	2020-02-07	0	0
IN	2020-02-06	0	0
IN	2020-02-05	0	0
IN	2020-02-04	1	0
IN	2020-02-03	0	0
IN	2020-02-02	1	0
IN	2020-02-01	0	0
IN	2020-01-31	0	0
IN	2020-01-30	1	0
IN	2020-01-29	0	0
IN	2020-01-28	0	0
IN	2020-01-27	0	0
IN	2020-01-26	0	0
IN	2020-01-25	0	0
IN	2020-01-24	0	0
IN	2020-01-23	0	0
IN	2020-01-22	0	0
IN	2020-01-21	0	0
IN	2020-01-20	0	0
IN	2020-01-19	0	0
IN	2020-01-18	0	0
IN	2020-01-17	0	0
IN	2020-01-16	0	0
IN	2020-01-15	0	0
IN	2020-01-14	0	0
IN	2020-01-13	0	0
IN	2020-01-12	0	0
IN	2020-01-11	0	0
IN	2020-01-10	0	0
IN	2020-01-09	0	0
IN	2020-01-08	0	0
IN	2020-01-07	0	0
IN	2020-01-06	0	0
IN	2020-01-05	0	0
IN	2020-01-04	0	0
IN	2020-01-03	0	0
IN	2020-01-02	0	0
IN	2020-01-01	0	0
IN	2019-12-31	0	0
ID	2020-06-14	1014	43
ID	2020-06-13	1111	48
ID	2020-06-12	979	41
ID	2020-06-11	1240	36
ID	2020-06-10	1043	40
ID	2020-06-09	847	32
ID	2020-06-08	672	50
ID	2020-06-07	993	31
ID	2020-06-06	703	49
ID	2020-06-05	585	23
ID	2020-06-04	684	35
ID	2020-06-03	609	22
ID	2020-06-02	467	28
ID	2020-06-01	700	40
ID	2020-05-31	557	53
ID	2020-05-30	678	24
ID	2020-05-29	687	23
ID	2020-05-28	686	55
ID	2020-05-27	415	27
ID	2020-05-26	479	19
ID	2020-05-25	526	21
ID	2020-05-24	949	25
ID	2020-05-23	634	48
ID	2020-05-22	973	36
ID	2020-05-21	693	21
ID	2020-05-20	486	30
ID	2020-05-19	496	43
ID	2020-05-18	489	59
ID	2020-05-17	529	13
ID	2020-05-16	490	33
ID	2020-05-15	568	15
ID	2020-05-14	689	21
ID	2020-05-13	484	16
ID	2020-05-12	233	18
ID	2020-05-11	387	14
ID	2020-05-10	533	16
ID	2020-05-09	336	13
ID	2020-05-08	338	35
ID	2020-05-07	367	23
ID	2020-05-06	484	8
ID	2020-05-05	395	19
ID	2020-05-04	349	14
ID	2020-05-03	292	31
ID	2020-05-02	433	8
ID	2020-05-01	347	8
ID	2020-04-30	260	11
ID	2020-04-29	415	8
ID	2020-04-28	214	22
ID	2020-04-27	275	23
ID	2020-04-26	396	31
ID	2020-04-25	436	42
ID	2020-04-24	357	12
ID	2020-04-23	283	19
ID	2020-04-22	375	26
ID	2020-04-21	185	8
ID	2020-04-20	327	47
ID	2020-04-19	325	15
ID	2020-04-18	407	24
ID	2020-04-17	380	27
ID	2020-04-16	297	10
ID	2020-04-15	282	60
ID	2020-04-14	316	26
ID	2020-04-13	399	46
ID	2020-04-12	330	21
ID	2020-04-11	219	26
ID	2020-04-10	337	40
ID	2020-04-09	218	19
ID	2020-04-08	247	12
ID	2020-04-07	218	11
ID	2020-04-06	181	7
ID	2020-04-05	106	10
ID	2020-04-04	196	11
ID	2020-04-03	113	13
ID	2020-04-02	149	21
ID	2020-04-01	114	14
ID	2020-03-31	129	8
ID	2020-03-30	130	12
ID	2020-03-29	109	15
ID	2020-03-28	153	9
ID	2020-03-27	103	20
ID	2020-03-26	104	3
ID	2020-03-25	107	6
ID	2020-03-24	65	1
ID	2020-03-23	64	10
ID	2020-03-22	141	13
ID	2020-03-21	82	6
ID	2020-03-20	55	14
ID	2020-03-19	0	0
ID	2020-03-18	38	0
ID	2020-03-17	17	0
ID	2020-03-16	21	1
ID	2020-03-15	27	0
ID	2020-03-14	35	3
ID	2020-03-12	15	1
ID	2020-03-11	13	0
ID	2020-03-09	2	0
ID	2020-03-07	2	0
ID	2020-03-02	2	0
ID	2020-03-01	0	0
ID	2020-02-29	0	0
ID	2020-02-28	0	0
ID	2020-02-27	0	0
ID	2020-02-26	0	0
ID	2020-02-25	0	0
ID	2020-02-24	0	0
ID	2020-02-23	0	0
ID	2020-02-22	0	0
ID	2020-02-21	0	0
ID	2020-02-20	0	0
ID	2020-02-19	0	0
ID	2020-02-18	0	0
ID	2020-02-17	0	0
ID	2020-02-16	0	0
ID	2020-02-15	0	0
ID	2020-02-14	0	0
ID	2020-02-13	0	0
ID	2020-02-12	0	0
ID	2020-02-11	0	0
ID	2020-02-10	0	0
ID	2020-02-09	0	0
ID	2020-02-08	0	0
ID	2020-02-07	0	0
ID	2020-02-06	0	0
ID	2020-02-05	0	0
ID	2020-02-04	0	0
ID	2020-02-03	0	0
ID	2020-02-02	0	0
ID	2020-02-01	0	0
ID	2020-01-31	0	0
ID	2020-01-30	0	0
ID	2020-01-29	0	0
ID	2020-01-28	0	0
ID	2020-01-27	0	0
ID	2020-01-26	0	0
ID	2020-01-25	0	0
ID	2020-01-24	0	0
ID	2020-01-23	0	0
ID	2020-01-22	0	0
ID	2020-01-21	0	0
ID	2020-01-20	0	0
ID	2020-01-19	0	0
ID	2020-01-18	0	0
ID	2020-01-17	0	0
ID	2020-01-16	0	0
ID	2020-01-15	0	0
ID	2020-01-14	0	0
ID	2020-01-13	0	0
ID	2020-01-12	0	0
ID	2020-01-11	0	0
ID	2020-01-10	0	0
ID	2020-01-09	0	0
ID	2020-01-08	0	0
ID	2020-01-07	0	0
ID	2020-01-06	0	0
ID	2020-01-05	0	0
ID	2020-01-04	0	0
ID	2020-01-03	0	0
ID	2020-01-02	0	0
ID	2020-01-01	0	0
ID	2019-12-31	0	0
IR	2020-06-14	2410	71
IR	2020-06-13	2369	75
IR	2020-06-12	2238	78
IR	2020-06-11	2011	81
IR	2020-06-10	2095	74
IR	2020-06-09	2043	70
IR	2020-06-08	2364	72
IR	2020-06-07	2269	75
IR	2020-06-06	2886	63
IR	2020-06-05	3574	59
IR	2020-06-04	3134	70
IR	2020-06-03	3117	64
IR	2020-06-02	2979	81
IR	2020-06-01	2516	63
IR	2020-05-31	2282	57
IR	2020-05-30	2819	50
IR	2020-05-29	2258	63
IR	2020-05-28	2080	56
IR	2020-05-27	1787	57
IR	2020-05-26	2023	34
IR	2020-05-25	2180	58
IR	2020-05-24	1869	59
IR	2020-05-23	2311	51
IR	2020-05-22	2392	66
IR	2020-05-21	2346	64
IR	2020-05-20	2111	62
IR	2020-05-19	2294	69
IR	2020-05-18	1806	51
IR	2020-05-17	1757	35
IR	2020-05-16	2102	48
IR	2020-05-15	1808	71
IR	2020-05-14	1958	50
IR	2020-05-13	1481	48
IR	2020-05-12	1683	45
IR	2020-05-11	1383	51
IR	2020-05-10	1529	48
IR	2020-05-09	1556	55
IR	2020-05-08	1485	68
IR	2020-05-07	1680	78
IR	2020-05-06	1323	63
IR	2020-05-05	1223	74
IR	2020-05-04	976	47
IR	2020-05-03	802	65
IR	2020-05-02	1006	63
IR	2020-05-01	983	71
IR	2020-04-30	1073	80
IR	2020-04-29	1112	71
IR	2020-04-28	991	96
IR	2020-04-27	1153	60
IR	2020-04-26	1134	76
IR	2020-04-25	1168	93
IR	2020-04-24	1030	90
IR	2020-04-23	1194	94
IR	2020-04-22	1297	88
IR	2020-04-21	1294	91
IR	2020-04-20	1343	87
IR	2020-04-19	1374	73
IR	2020-04-18	1499	89
IR	2020-04-17	1606	92
IR	2020-04-16	1512	94
IR	2020-04-15	1574	98
IR	2020-04-14	1617	111
IR	2020-04-13	1657	117
IR	2020-04-12	1837	125
IR	2020-04-11	1972	122
IR	2020-04-10	1634	117
IR	2020-04-09	1997	121
IR	2020-04-08	2089	133
IR	2020-04-07	2274	136
IR	2020-04-06	2483	151
IR	2020-04-05	5275	292
IR	2020-04-04	0	0
IR	2020-04-03	2875	124
IR	2020-04-02	2987	138
IR	2020-04-01	3111	141
IR	2020-03-31	3186	117
IR	2020-03-30	2901	123
IR	2020-03-29	3076	139
IR	2020-03-28	2926	144
IR	2020-03-27	2389	157
IR	2020-03-26	2206	143
IR	2020-03-25	1762	122
IR	2020-03-24	1411	127
IR	2020-03-23	1028	129
IR	2020-03-22	966	123
IR	2020-03-21	1237	149
IR	2020-03-20	1046	149
IR	2020-03-19	1192	147
IR	2020-03-18	1178	135
IR	2020-03-17	1053	129
IR	2020-03-16	1209	113
IR	2020-03-15	1365	97
IR	2020-03-14	1289	85
IR	2020-03-13	1075	75
IR	2020-03-12	958	63
IR	2020-03-11	881	54
IR	2020-03-10	595	43
IR	2020-03-09	743	49
IR	2020-03-08	1076	21
IR	2020-03-07	1234	17
IR	2020-03-06	591	15
IR	2020-03-05	586	15
IR	2020-03-04	835	11
IR	2020-03-03	523	12
IR	2020-03-02	385	11
IR	2020-03-01	205	9
IR	2020-02-29	143	8
IR	2020-02-28	106	7
IR	2020-02-27	44	4
IR	2020-02-26	34	3
IR	2020-02-25	18	4
IR	2020-02-24	15	3
IR	2020-02-23	10	1
IR	2020-02-22	13	2
IR	2020-02-21	3	0
IR	2020-02-20	2	2
IR	2020-02-19	0	0
IR	2020-02-18	0	0
IR	2020-02-17	0	0
IR	2020-02-16	0	0
IR	2020-02-15	0	0
IR	2020-02-14	0	0
IR	2020-02-13	0	0
IR	2020-02-12	0	0
IR	2020-02-11	0	0
IR	2020-02-10	0	0
IR	2020-02-09	0	0
IR	2020-02-08	0	0
IR	2020-02-07	0	0
IR	2020-02-06	0	0
IR	2020-02-05	0	0
IR	2020-02-04	0	0
IR	2020-02-03	0	0
IR	2020-02-02	0	0
IR	2020-02-01	0	0
IR	2020-01-31	0	0
IR	2020-01-30	0	0
IR	2020-01-29	0	0
IR	2020-01-28	0	0
IR	2020-01-27	0	0
IR	2020-01-26	0	0
IR	2020-01-25	0	0
IR	2020-01-24	0	0
IR	2020-01-23	0	0
IR	2020-01-22	0	0
IR	2020-01-21	0	0
IR	2020-01-20	0	0
IR	2020-01-19	0	0
IR	2020-01-18	0	0
IR	2020-01-17	0	0
IR	2020-01-16	0	0
IR	2020-01-15	0	0
IR	2020-01-14	0	0
IR	2020-01-13	0	0
IR	2020-01-12	0	0
IR	2020-01-11	0	0
IR	2020-01-10	0	0
IR	2020-01-09	0	0
IR	2020-01-08	0	0
IR	2020-01-07	0	0
IR	2020-01-06	0	0
IR	2020-01-05	0	0
IR	2020-01-04	0	0
IR	2020-01-03	0	0
IR	2020-01-02	0	0
IR	2020-01-01	0	0
IR	2019-12-31	0	0
IQ	2020-06-14	1180	53
IQ	2020-06-13	1095	39
IQ	2020-06-12	1261	31
IQ	2020-06-11	1146	34
IQ	2020-06-10	787	22
IQ	2020-06-09	1115	24
IQ	2020-06-08	1268	28
IQ	2020-06-07	1252	33
IQ	2020-06-06	1006	14
IQ	2020-06-05	672	15
IQ	2020-06-04	781	21
IQ	2020-06-03	519	20
IQ	2020-06-02	429	10
IQ	2020-06-01	260	10
IQ	2020-05-31	306	10
IQ	2020-05-30	416	6
IQ	2020-05-29	322	4
IQ	2020-05-28	287	6
IQ	2020-05-27	216	6
IQ	2020-05-26	163	3
IQ	2020-05-25	197	8
IQ	2020-05-24	308	5
IQ	2020-05-23	87	7
IQ	2020-05-22	153	6
IQ	2020-05-21	113	3
IQ	2020-05-20	57	4
IQ	2020-05-19	150	4
IQ	2020-05-18	144	2
IQ	2020-05-17	67	4
IQ	2020-05-16	50	2
IQ	2020-05-15	111	0
IQ	2020-05-14	119	3
IQ	2020-05-13	95	2
IQ	2020-05-12	51	1
IQ	2020-05-11	88	2
IQ	2020-05-10	76	3
IQ	2020-05-09	60	2
IQ	2020-05-08	63	0
IQ	2020-05-07	49	0
IQ	2020-05-06	85	4
IQ	2020-05-05	50	1
IQ	2020-05-04	77	2
IQ	2020-05-03	66	1
IQ	2020-05-02	68	1
IQ	2020-05-01	82	1
IQ	2020-04-30	156	4
IQ	2020-04-29	0	0
IQ	2020-04-28	27	1
IQ	2020-04-27	57	1
IQ	2020-04-26	55	0
IQ	2020-04-25	31	3
IQ	2020-04-24	75	0
IQ	2020-04-23	0	0
IQ	2020-04-22	28	1
IQ	2020-04-21	35	0
IQ	2020-04-20	57	1
IQ	2020-04-19	0	0
IQ	2020-04-18	48	1
IQ	2020-04-17	19	1
IQ	2020-04-16	15	1
IQ	2020-04-15	22	0
IQ	2020-04-14	26	2
IQ	2020-04-13	34	4
IQ	2020-04-12	39	2
IQ	2020-04-11	47	1
IQ	2020-04-10	30	0
IQ	2020-04-09	171	5
IQ	2020-04-08	0	0
IQ	2020-04-07	70	3
IQ	2020-04-06	83	5
IQ	2020-04-05	106	2
IQ	2020-04-04	0	0
IQ	2020-04-03	78	4
IQ	2020-04-02	0	0
IQ	2020-04-01	64	4
IQ	2020-03-31	83	4
IQ	2020-03-30	41	0
IQ	2020-03-29	48	2
IQ	2020-03-28	76	4
IQ	2020-03-27	36	7
IQ	2020-03-26	30	2
IQ	2020-03-25	50	4
IQ	2020-03-24	33	3
IQ	2020-03-23	19	3
IQ	2020-03-22	21	3
IQ	2020-03-21	16	2
IQ	2020-03-20	13	0
IQ	2020-03-19	10	1
IQ	2020-03-18	30	2
IQ	2020-03-17	0	0
IQ	2020-03-16	39	0
IQ	2020-03-15	0	0
IQ	2020-03-14	11	1
IQ	2020-03-13	4	0
IQ	2020-03-12	9	2
IQ	2020-03-11	0	0
IQ	2020-03-09	7	4
IQ	2020-03-08	16	0
IQ	2020-03-06	7	2
IQ	2020-03-05	5	0
IQ	2020-03-04	5	0
IQ	2020-03-03	2	0
IQ	2020-03-02	6	0
IQ	2020-03-01	6	0
IQ	2020-02-29	1	0
IQ	2020-02-28	1	0
IQ	2020-02-27	0	0
IQ	2020-02-26	4	0
IQ	2020-02-25	1	0
IQ	2020-02-24	0	0
IQ	2020-02-23	0	0
IQ	2020-02-22	0	0
IQ	2020-02-21	0	0
IQ	2020-02-20	0	0
IQ	2020-02-19	0	0
IQ	2020-02-18	0	0
IQ	2020-02-17	0	0
IQ	2020-02-16	0	0
IQ	2020-02-15	0	0
IQ	2020-02-14	0	0
IQ	2020-02-13	0	0
IQ	2020-02-12	0	0
IQ	2020-02-11	0	0
IQ	2020-02-10	0	0
IQ	2020-02-09	0	0
IQ	2020-02-08	0	0
IQ	2020-02-07	0	0
IQ	2020-02-06	0	0
IQ	2020-02-05	0	0
IQ	2020-02-04	0	0
IQ	2020-02-03	0	0
IQ	2020-02-02	0	0
IQ	2020-02-01	0	0
IQ	2020-01-31	0	0
IQ	2020-01-30	0	0
IQ	2020-01-29	0	0
IQ	2020-01-28	0	0
IQ	2020-01-27	0	0
IQ	2020-01-26	0	0
IQ	2020-01-25	0	0
IQ	2020-01-24	0	0
IQ	2020-01-23	0	0
IQ	2020-01-22	0	0
IQ	2020-01-21	0	0
IQ	2020-01-20	0	0
IQ	2020-01-19	0	0
IQ	2020-01-18	0	0
IQ	2020-01-17	0	0
IQ	2020-01-16	0	0
IQ	2020-01-15	0	0
IQ	2020-01-14	0	0
IQ	2020-01-13	0	0
IQ	2020-01-12	0	0
IQ	2020-01-11	0	0
IQ	2020-01-10	0	0
IQ	2020-01-09	0	0
IQ	2020-01-08	0	0
IQ	2020-01-07	0	0
IQ	2020-01-06	0	0
IQ	2020-01-05	0	0
IQ	2020-01-04	0	0
IQ	2020-01-03	0	0
IQ	2020-01-02	0	0
IQ	2020-01-01	0	0
IQ	2019-12-31	0	0
IE	2020-06-14	45	0
IE	2020-06-13	12	2
IE	2020-06-12	7	8
IE	2020-06-11	16	4
IE	2020-06-10	8	8
IE	2020-06-09	6	4
IE	2020-06-08	18	9
IE	2020-06-07	20	0
IE	2020-06-06	21	6
IE	2020-06-05	31	5
IE	2020-06-04	45	1
IE	2020-06-03	4	8
IE	2020-06-02	72	0
IE	2020-06-01	61	0
IE	2020-05-31	53	5
IE	2020-05-30	35	6
IE	2020-05-29	38	8
IE	2020-05-28	68	16
IE	2020-05-27	37	9
IE	2020-05-26	59	0
IE	2020-05-25	57	2
IE	2020-05-24	76	12
IE	2020-05-23	115	9
IE	2020-05-22	76	12
IE	2020-05-21	64	10
IE	2020-05-20	51	14
IE	2020-05-19	88	4
IE	2020-05-18	64	10
IE	2020-05-17	92	15
IE	2020-05-16	129	12
IE	2020-05-15	426	9
IE	2020-05-14	159	9
IE	2020-05-13	107	21
IE	2020-05-12	139	9
IE	2020-05-11	236	12
IE	2020-05-10	219	17
IE	2020-05-09	156	26
IE	2020-05-08	137	28
IE	2020-05-07	265	36
IE	2020-05-06	261	20
IE	2020-05-05	216	16
IE	2020-05-04	330	38
IE	2020-05-03	343	0
IE	2020-05-02	221	33
IE	2020-05-01	359	42
IE	2020-04-30	376	31
IE	2020-04-29	229	57
IE	2020-04-28	386	15
IE	2020-04-27	701	24
IE	2020-04-26	377	234
IE	2020-04-25	577	35
IE	2020-04-24	936	25
IE	2020-04-23	631	39
IE	2020-04-22	388	43
IE	2020-04-21	401	77
IE	2020-04-20	493	39
IE	2020-04-19	778	41
IE	2020-04-18	709	44
IE	2020-04-17	724	42
IE	2020-04-16	1068	38
IE	2020-04-15	832	41
IE	2020-04-14	992	31
IE	2020-04-13	727	14
IE	2020-04-12	839	33
IE	2020-04-11	696	24
IE	2020-04-10	1169	28
IE	2020-04-09	515	25
IE	2020-04-08	345	36
IE	2020-04-07	253	16
IE	2020-04-06	507	21
IE	2020-04-05	331	17
IE	2020-04-04	424	22
IE	2020-04-03	402	13
IE	2020-04-02	212	14
IE	2020-04-01	325	17
IE	2020-03-31	295	8
IE	2020-03-30	200	10
IE	2020-03-29	294	14
IE	2020-03-28	302	3
IE	2020-03-27	255	10
IE	2020-03-26	235	2
IE	2020-03-25	204	1
IE	2020-03-24	219	2
IE	2020-03-23	121	1
IE	2020-03-22	102	0
IE	2020-03-21	126	0
IE	2020-03-20	191	1
IE	2020-03-19	74	0
IE	2020-03-18	69	0
IE	2020-03-17	54	0
IE	2020-03-16	40	0
IE	2020-03-15	38	1
IE	2020-03-14	21	0
IE	2020-03-13	27	0
IE	2020-03-12	8	1
IE	2020-03-11	14	0
IE	2020-03-09	2	0
IE	2020-03-08	1	0
IE	2020-03-07	5	0
IE	2020-03-06	7	0
IE	2020-03-05	4	0
IE	2020-03-04	1	0
IE	2020-03-02	0	0
IE	2020-03-01	1	0
IE	2020-02-29	0	0
IE	2020-02-28	0	0
IE	2020-02-27	0	0
IE	2020-02-26	0	0
IE	2020-02-25	0	0
IE	2020-02-24	0	0
IE	2020-02-23	0	0
IE	2020-02-22	0	0
IE	2020-02-21	0	0
IE	2020-02-20	0	0
IE	2020-02-19	0	0
IE	2020-02-18	0	0
IE	2020-02-17	0	0
IE	2020-02-16	0	0
IE	2020-02-15	0	0
IE	2020-02-14	0	0
IE	2020-02-13	0	0
IE	2020-02-12	0	0
IE	2020-02-11	0	0
IE	2020-02-10	0	0
IE	2020-02-09	0	0
IE	2020-02-08	0	0
IE	2020-02-07	0	0
IE	2020-02-06	0	0
IE	2020-02-05	0	0
IE	2020-02-04	0	0
IE	2020-02-03	0	0
IE	2020-02-02	0	0
IE	2020-02-01	0	0
IE	2020-01-31	0	0
IE	2020-01-30	0	0
IE	2020-01-29	0	0
IE	2020-01-28	0	0
IE	2020-01-27	0	0
IE	2020-01-26	0	0
IE	2020-01-25	0	0
IE	2020-01-24	0	0
IE	2020-01-23	0	0
IE	2020-01-22	0	0
IE	2020-01-21	0	0
IE	2020-01-20	0	0
IE	2020-01-19	0	0
IE	2020-01-18	0	0
IE	2020-01-17	0	0
IE	2020-01-16	0	0
IE	2020-01-15	0	0
IE	2020-01-14	0	0
IE	2020-01-13	0	0
IE	2020-01-12	0	0
IE	2020-01-11	0	0
IE	2020-01-10	0	0
IE	2020-01-09	0	0
IE	2020-01-08	0	0
IE	2020-01-07	0	0
IE	2020-01-06	0	0
IE	2020-01-05	0	0
IE	2020-01-04	0	0
IE	2020-01-03	0	0
IE	2020-01-02	0	0
IE	2020-01-01	0	0
IE	2019-12-31	0	0
IM	2020-06-14	0	0
IM	2020-06-13	0	0
IM	2020-06-12	0	0
IM	2020-06-11	0	0
IM	2020-06-10	0	0
IM	2020-06-09	0	0
IM	2020-06-08	0	0
IM	2020-06-07	0	0
IM	2020-06-06	0	0
IM	2020-06-05	0	0
IM	2020-06-04	0	0
IM	2020-06-03	0	0
IM	2020-06-02	0	0
IM	2020-06-01	0	0
IM	2020-05-31	0	0
IM	2020-05-30	0	0
IM	2020-05-29	0	0
IM	2020-05-28	0	0
IM	2020-05-27	0	0
IM	2020-05-26	0	0
IM	2020-05-25	0	0
IM	2020-05-24	0	0
IM	2020-05-23	0	0
IM	2020-05-22	0	0
IM	2020-05-21	1	0
IM	2020-05-20	0	0
IM	2020-05-19	0	0
IM	2020-05-18	0	0
IM	2020-05-17	1	0
IM	2020-05-16	2	1
IM	2020-05-15	0	0
IM	2020-05-14	1	0
IM	2020-05-13	1	0
IM	2020-05-12	0	0
IM	2020-05-11	0	0
IM	2020-05-10	1	0
IM	2020-05-09	0	0
IM	2020-05-08	2	0
IM	2020-05-07	1	0
IM	2020-05-06	1	0
IM	2020-05-05	4	1
IM	2020-05-04	1	0
IM	2020-05-03	4	0
IM	2020-05-02	1	1
IM	2020-05-01	2	0
IM	2020-04-30	4	0
IM	2020-04-29	1	3
IM	2020-04-28	0	0
IM	2020-04-27	0	0
IM	2020-04-26	0	0
IM	2020-04-25	1	2
IM	2020-04-24	0	1
IM	2020-04-23	0	5
IM	2020-04-22	7	1
IM	2020-04-21	2	3
IM	2020-04-20	1	0
IM	2020-04-19	8	2
IM	2020-04-18	5	0
IM	2020-04-17	30	2
IM	2020-04-16	12	0
IM	2020-04-15	0	0
IM	2020-04-14	14	0
IM	2020-04-13	2	1
IM	2020-04-12	25	0
IM	2020-04-11	11	0
IM	2020-04-10	32	0
IM	2020-04-09	8	0
IM	2020-04-08	11	0
IM	2020-04-07	12	0
IM	2020-04-06	1	0
IM	2020-04-05	12	0
IM	2020-04-04	43	0
IM	2020-04-03	6	1
IM	2020-04-02	13	0
IM	2020-04-01	10	0
IM	2020-03-31	0	0
IM	2020-03-30	10	0
IM	2020-03-29	3	0
IM	2020-03-28	3	0
IM	2020-03-27	3	0
IM	2020-03-26	0	0
IM	2020-03-25	10	0
IM	2020-03-24	11	0
IM	2020-03-23	0	0
IM	2020-03-22	1	0
IM	2020-03-21	1	0
IL	2020-06-14	132	0
IL	2020-06-13	175	0
IL	2020-06-12	346	1
IL	2020-06-11	87	0
IL	2020-06-10	179	1
IL	2020-06-09	174	0
IL	2020-06-08	132	1
IL	2020-06-07	77	5
IL	2020-06-06	144	1
IL	2020-06-05	133	0
IL	2020-06-04	87	1
IL	2020-06-03	123	3
IL	2020-06-02	148	2
IL	2020-06-01	59	1
IL	2020-05-31	25	0
IL	2020-05-30	115	0
IL	2020-05-29	79	3
IL	2020-05-28	36	0
IL	2020-05-27	23	0
IL	2020-05-26	14	1
IL	2020-05-25	30	1
IL	2020-05-24	0	0
IL	2020-05-23	0	0
IL	2020-05-22	20	0
IL	2020-05-21	20	2
IL	2020-05-20	29	5
IL	2020-05-19	4	0
IL	2020-05-18	9	4
IL	2020-05-17	19	2
IL	2020-05-16	10	1
IL	2020-05-15	31	1
IL	2020-05-14	19	4
IL	2020-05-13	23	2
IL	2020-05-12	29	6
IL	2020-05-11	23	5
IL	2020-05-10	18	2
IL	2020-05-09	55	5
IL	2020-05-08	71	1
IL	2020-05-07	21	1
IL	2020-05-06	43	3
IL	2020-05-05	38	3
IL	2020-05-04	23	3
IL	2020-05-03	84	4
IL	2020-05-02	155	3
IL	2020-05-01	112	7
IL	2020-04-30	245	7
IL	2020-04-29	123	6
IL	2020-04-28	68	3
IL	2020-04-27	100	0
IL	2020-04-26	240	5
IL	2020-04-25	176	1
IL	2020-04-24	290	2
IL	2020-04-23	650	7
IL	2020-04-22	229	7
IL	2020-04-21	222	5
IL	2020-04-20	226	8
IL	2020-04-19	283	13
IL	2020-04-18	224	9
IL	2020-04-17	257	12
IL	2020-04-16	455	7
IL	2020-04-15	460	7
IL	2020-04-14	441	13
IL	2020-04-13	402	2
IL	2020-04-12	335	6
IL	2020-04-11	440	9
IL	2020-04-10	564	15
IL	2020-04-09	156	6
IL	2020-04-08	344	8
IL	2020-04-07	474	8
IL	2020-04-06	412	3
IL	2020-04-05	590	7
IL	2020-04-04	1176	5
IL	2020-04-03	661	13
IL	2020-04-02	675	1
IL	2020-04-01	443	3
IL	2020-03-31	226	2
IL	2020-03-30	628	3
IL	2020-03-29	584	2
IL	2020-03-28	369	2
IL	2020-03-27	297	3
IL	2020-03-26	439	2
IL	2020-03-25	488	2
IL	2020-03-24	371	0
IL	2020-03-23	188	0
IL	2020-03-22	171	0
IL	2020-03-21	35	1
IL	2020-03-20	244	0
IL	2020-03-19	6	0
IL	2020-03-18	167	0
IL	2020-03-17	10	0
IL	2020-03-16	72	0
IL	2020-03-15	62	0
IL	2020-03-14	20	0
IL	2020-03-13	14	0
IL	2020-03-12	12	0
IL	2020-03-11	31	0
IL	2020-03-09	14	0
IL	2020-03-08	6	0
IL	2020-03-07	2	0
IL	2020-03-06	2	0
IL	2020-03-05	5	0
IL	2020-03-02	3	0
IL	2020-03-01	0	0
IL	2020-02-29	4	0
IL	2020-02-28	1	0
IL	2020-02-27	0	0
IL	2020-02-26	0	0
IL	2020-02-25	0	0
IL	2020-02-24	1	0
IL	2020-02-23	0	0
IL	2020-02-22	1	0
IL	2020-02-21	0	0
IL	2020-02-20	0	0
IL	2020-02-19	0	0
IL	2020-02-18	0	0
IL	2020-02-17	0	0
IL	2020-02-16	0	0
IL	2020-02-15	0	0
IL	2020-02-14	0	0
IL	2020-02-13	0	0
IL	2020-02-12	0	0
IL	2020-02-11	0	0
IL	2020-02-10	0	0
IL	2020-02-09	0	0
IL	2020-02-08	0	0
IL	2020-02-07	0	0
IL	2020-02-06	0	0
IL	2020-02-05	0	0
IL	2020-02-04	0	0
IL	2020-02-03	0	0
IL	2020-02-02	0	0
IL	2020-02-01	0	0
IL	2020-01-31	0	0
IL	2020-01-30	0	0
IL	2020-01-29	0	0
IL	2020-01-28	0	0
IL	2020-01-27	0	0
IL	2020-01-26	0	0
IL	2020-01-25	0	0
IL	2020-01-24	0	0
IL	2020-01-23	0	0
IL	2020-01-22	0	0
IL	2020-01-21	0	0
IL	2020-01-20	0	0
IL	2020-01-19	0	0
IL	2020-01-18	0	0
IL	2020-01-17	0	0
IL	2020-01-16	0	0
IL	2020-01-15	0	0
IL	2020-01-14	0	0
IL	2020-01-13	0	0
IL	2020-01-12	0	0
IL	2020-01-11	0	0
IL	2020-01-10	0	0
IL	2020-01-09	0	0
IL	2020-01-08	0	0
IL	2020-01-07	0	0
IL	2020-01-06	0	0
IL	2020-01-05	0	0
IL	2020-01-04	0	0
IL	2020-01-03	0	0
IL	2020-01-02	0	0
IL	2020-01-01	0	0
IL	2019-12-31	0	0
IT	2020-06-14	346	78
IT	2020-06-13	163	56
IT	2020-06-12	379	53
IT	2020-06-11	202	71
IT	2020-06-10	283	79
IT	2020-06-09	280	65
IT	2020-06-08	197	53
IT	2020-06-07	270	72
IT	2020-06-06	518	85
IT	2020-06-05	177	88
IT	2020-06-04	321	71
IT	2020-06-03	318	55
IT	2020-06-02	178	60
IT	2020-06-01	355	75
IT	2020-05-31	416	111
IT	2020-05-30	516	87
IT	2020-05-29	593	70
IT	2020-05-28	584	117
IT	2020-05-27	397	78
IT	2020-05-26	300	92
IT	2020-05-25	531	50
IT	2020-05-24	669	119
IT	2020-05-23	652	130
IT	2020-05-22	642	156
IT	2020-05-21	665	161
IT	2020-05-20	813	162
IT	2020-05-19	451	99
IT	2020-05-18	675	145
IT	2020-05-17	875	153
IT	2020-05-16	789	242
\.


--
-- Data for Name: country; Type: TABLE DATA; Schema: public; Owner: postgres
--

COPY public.country (geoid, popdata2018, name) FROM stdin;
AF	37172386	Afghanistan
AL	2866376	Albania
DZ	42228429	Algeria
AD	77006	Andorra
AO	30809762	Angola
AI	14731	Anguilla
AG	96286	Antigua_and_Barbuda
AR	44494502	Argentina
AM	2951776	Armenia
AW	105845	Aruba
AU	24992369	Australia
AT	8847037	Austria
AZ	9942334	Azerbaijan
BS	385640	Bahamas
BH	1569439	Bahrain
BD	161356039	Bangladesh
BB	286641	Barbados
BY	9485386	Belarus
BE	11422068	Belgium
BZ	383071	Belize
BJ	11485048	Benin
BM	63968	Bermuda
BT	754394	Bhutan
BO	11353142	Bolivia
BA	3323929	Bosnia_and_Herzegovina
BW	2254126	Botswana
BR	209469333	Brazil
VG	29802	British_Virgin_Islands
BN	428962	Brunei_Darussalam
BG	7024216	Bulgaria
BF	19751535	Burkina_Faso
BI	11175378	Burundi
KH	16249798	Cambodia
CM	25216237	Cameroon
CA	37058856	Canada
CV	543767	Cape_Verde
KY	64174	Cayman_Islands
CF	4666377	Central_African_Republic
TD	15477751	Chad
CL	18729160	Chile
CN	1392730000	China
CO	49648685	Colombia
KM	832322	Comoros
CG	5244363	Congo
CR	4999441	Costa_Rica
CI	25069229	Cote_dIvoire
HR	4089400	Croatia
CU	11338138	Cuba
CW	159849	Curaao
CY	1189265	Cyprus
CZ	10625695	Czechia
CD	84068091	Democratic_Republic_of_the_Congo
DK	5797446	Denmark
DJ	958920	Djibouti
DM	71625	Dominica
DO	10627165	Dominican_Republic
EC	17084357	Ecuador
EG	98423595	Egypt
SV	6420744	El_Salvador
GQ	1308974	Equatorial_Guinea
ER	3452786	Eritrea
EE	1320884	Estonia
SZ	1367000	Eswatini
ET	109224559	Ethiopia
FK	3234	Falkland_Islands_(Malvinas)
FO	48497	Faroe_Islands
FJ	883483	Fiji
FI	5518050	Finland
FR	66987244	France
PF	277679	French_Polynesia
GA	2119275	Gabon
GM	2280102	Gambia
GE	3731000	Georgia
DE	82927922	Germany
GH	29767108	Ghana
GI	33718	Gibraltar
EL	10727668	Greece
GL	56025	Greenland
GD	111454	Grenada
GU	165768	Guam
GT	17247807	Guatemala
GG	63026	Guernsey
GN	12414318	Guinea
GW	1874309	Guinea_Bissau
GY	779004	Guyana
HT	11123176	Haiti
VA	1000	Holy_See
HN	9587522	Honduras
HU	9768785	Hungary
IS	353574	Iceland
IN	1352617328	India
ID	267663435	Indonesia
IR	81800269	Iran
IQ	38433600	Iraq
IE	4853506	Ireland
IM	84077	Isle_of_Man
IL	8883800	Israel
IT	60431283	Italy
\.


--
-- Data for Name: date; Type: TABLE DATA; Schema: public; Owner: postgres
--

COPY public.date (date) FROM stdin;
2020-06-14
2020-06-13
2020-06-12
2020-06-11
2020-06-10
2020-06-09
2020-06-08
2020-06-07
2020-06-06
2020-06-05
2020-06-04
2020-06-03
2020-06-02
2020-06-01
2020-05-31
2020-05-30
2020-05-29
2020-05-28
2020-05-27
2020-05-26
2020-05-25
2020-05-24
2020-05-23
2020-05-22
2020-05-21
2020-05-20
2020-05-19
2020-05-18
2020-05-17
2020-05-16
2020-05-15
2020-05-14
2020-05-13
2020-05-12
2020-05-11
2020-05-10
2020-05-09
2020-05-08
2020-05-07
2020-05-06
2020-05-05
2020-05-04
2020-05-03
2020-05-02
2020-05-01
2020-04-30
2020-04-29
2020-04-28
2020-04-27
2020-04-26
2020-04-25
2020-04-24
2020-04-23
2020-04-22
2020-04-21
2020-04-20
2020-04-19
2020-04-18
2020-04-17
2020-04-16
2020-04-15
2020-04-14
2020-04-13
2020-04-12
2020-04-11
2020-04-10
2020-04-09
2020-04-08
2020-04-07
2020-04-06
2020-04-05
2020-04-04
2020-04-03
2020-04-02
2020-04-01
2020-03-31
2020-03-30
2020-03-29
2020-03-28
2020-03-27
2020-03-26
2020-03-25
2020-03-24
2020-03-23
2020-03-22
2020-03-21
2020-03-20
2020-03-19
2020-03-18
2020-03-17
2020-03-16
2020-03-15
2020-03-11
2020-03-08
2020-03-02
2020-03-01
2020-02-29
2020-02-28
2020-02-27
2020-02-26
2020-02-25
2020-02-24
2020-02-23
2020-02-22
2020-02-21
2020-02-20
2020-02-19
2020-02-18
2020-02-17
2020-02-16
2020-02-15
2020-02-14
2020-02-13
2020-02-12
2020-02-11
2020-02-10
2020-02-09
2020-02-08
2020-02-07
2020-02-06
2020-02-05
2020-02-04
2020-02-03
2020-02-02
2020-02-01
2020-01-31
2020-01-30
2020-01-29
2020-01-28
2020-01-27
2020-01-26
2020-01-25
2020-01-24
2020-01-23
2020-01-22
2020-01-21
2020-01-20
2020-01-19
2020-01-18
2020-01-17
2020-01-16
2020-01-15
2020-01-14
2020-01-13
2020-01-12
2020-01-11
2020-01-10
2020-01-09
2020-01-08
2020-01-07
2020-01-06
2020-01-05
2020-01-04
2020-01-03
2020-01-02
2020-01-01
2019-12-31
2020-03-14
2020-03-13
2020-03-12
2020-03-10
2020-03-09
2020-03-06
2020-03-05
2020-03-04
2020-03-03
2020-03-07
\.


--
-- Name: belongsto belongsto_pkey; Type: CONSTRAINT; Schema: public; Owner: postgres
--

ALTER TABLE ONLY public.belongsto
    ADD CONSTRAINT belongsto_pkey PRIMARY KEY (geoid);


--
-- Name: continent continent_pkey; Type: CONSTRAINT; Schema: public; Owner: postgres
--

ALTER TABLE ONLY public.continent
    ADD CONSTRAINT continent_pkey PRIMARY KEY (name);


--
-- Name: corona corona_pkey; Type: CONSTRAINT; Schema: public; Owner: postgres
--

ALTER TABLE ONLY public.corona
    ADD CONSTRAINT corona_pkey PRIMARY KEY (day, geoid);


--
-- Name: country country_pkey; Type: CONSTRAINT; Schema: public; Owner: postgres
--

ALTER TABLE ONLY public.country
    ADD CONSTRAINT country_pkey PRIMARY KEY (geoid);


--
-- Name: date date_pkey; Type: CONSTRAINT; Schema: public; Owner: postgres
--

ALTER TABLE ONLY public.date
    ADD CONSTRAINT date_pkey PRIMARY KEY (date);


--
-- PostgreSQL database dump complete
--

